,S2p,C4,C6p,T3p,T5p,S1p,S3p,Industry_Bins,Y1,Y2
0,0.7297007585970305,0.6304181623079402,0.7888106377466153,0.6175691473869893,0.5673750307990237,0.4625249056507465,0.4787762878639418,1,0,1
1,0.8171201942660964,0.38473543487358974,0.0,0.521719691311441,0.4891042492519431,0.2714834925916,0.4747538913760063,1,1,0
2,0.5699036804261917,0.5820107532152469,0.0,0.6220402766330846,0.7734081113037077,0.9999999999999998,0.5147609751738877,1,1,0
3,0.6218311133944717,0.5780042592403551,0.0,0.694833575826566,0.7697379580171566,0.9999999999999998,0.6602477076805519,1,1,1
4,0.7698350467250005,0.2599824998131782,0.5291502622129182,0.4248996536892147,0.4111013379139743,0.4203665854087259,0.5040143023406379,3,0,1
5,0.5081992397995033,0.1287535467986498,0.0,0.0,0.3214403362668359,0.2935312039747007,0.4125415921288412,2,0,1
6,0.5975729932090003,0.4858275203473521,0.0,0.3964407296231727,0.2944227800912229,0.5014192095232115,0.29949264347600024,1,1,1
7,0.7988794701003609,0.6972778330020426,0.0,0.4938996434037772,0.0,0.4654491380420828,0.4741524509332138,1,1,0
8,0.6882866490575497,0.29228842985456194,0.0,0.6174497325386881,0.7772878789709703,0.3491758184534229,0.8483895157264493,2,1,1
9,0.7608484360266815,0.3177152407746354,0.0,0.41634239765655146,0.4577579692398801,0.934463690275282,0.8709213518364399,1,1,0
10,0.7013819605972922,0.5042232267103278,0.0,0.4916578964510965,0.037046057106723713,0.6864435386212491,0.3947780452053755,3,0,0
11,0.618393406328813,0.551736751986992,0.0,0.5187570405732043,0.9037435918476716,0.4785701952446697,0.5672586398049939,1,1,1
12,0.6419283139333766,0.5763130141984775,0.6110100926607788,0.21125864500768188,0.3188254075696748,0.31941357378565954,0.7086799167803325,1,0,1
13,0.8200291872936719,0.4254801746160571,0.6978227007909176,0.8280325051781183,0.9646168033843344,0.7927694140761121,0.6410324114879082,1,0,1
14,0.9244164670764096,0.5968335344505056,0.0,0.3824137901272877,0.4175224598051477,0.5080113011903222,0.349893246676818,1,1,1
15,0.4895335438113683,0.0,0.0,0.24972445199329665,0.06076217638079495,0.524833620509358,0.29771865339490755,2,1,1
16,0.4924534129814711,0.4635288238297618,0.0,0.3533034914574351,0.5069161808548437,0.5454417402298164,0.6251308296975685,3,0,1
17,0.8482321699499288,0.4254801746160571,0.0,0.032764668795443264,0.5402183367930901,0.6379880708458767,0.5409181788317701,1,1,1
18,0.523013663201446,0.6753351379370539,0.0,0.7199907179202132,0.14086996971200194,0.3586048855325349,0.3062746655139953,1,1,1
19,0.5945413238613647,0.3885530643736826,0.8366600265340756,0.2698544605225415,0.08663364466775669,0.4124084747768885,0.2403770042365853,3,0,1
20,0.7608979902287365,0.7241628354960254,0.0,0.5878762185821937,0.6057241117682848,0.4516127097003164,0.6502752367285779,1,1,0
21,0.491589901583872,0.7749913549230045,0.6110100926607788,0.22674958660551425,0.37279868330401866,0.35701799904365744,0.11578857454130392,1,0,1
22,0.940331215985201,0.4767944423751247,0.0,0.5005635164264639,0.3654928923348719,0.40817103176464425,0.7701448611472158,2,0,1
23,0.5508072109786295,0.6695265315913712,0.0,0.6743785067317791,0.6915580024521384,0.9356500035991312,0.8111858983944571,1,1,1
24,0.5482156567374803,0.4519420407487966,0.0,0.4482535213533829,0.5877768987813371,0.7520830895587218,0.4699819280030437,1,0,1
25,0.8062254465809273,0.4391334539918544,0.0,0.5168829548969462,0.6662193322589611,0.4298011762890839,0.8029145634776084,1,1,1
26,0.5840894398261167,0.2471221537415761,0.0,0.8123838147840079,0.6540602878603641,0.6810656420722443,0.978557119220874,1,1,1
27,0.8576503032531336,0.6112471293045486,0.5428967140306369,0.0,0.5581132078717184,0.24871766697143136,0.4939870018597315,1,0,1
28,0.7136635805820868,0.6684531508834435,0.0,0.4624589325414501,0.4119875956932984,0.685650906712324,0.4048311526574399,3,1,1
29,0.6913421638809399,0.3697044155750018,0.0,0.649955697501392,0.4985587389812516,0.892525456582973,0.6656177855279733,1,1,1
30,0.4939141772182294,0.2471221537415761,0.0,0.4882644811485015,0.5112633136246807,0.4510990090846481,0.4059078472004009,1,1,0
31,0.5579578581877025,0.26247009996409065,0.6831300510639732,0.08829198513882197,0.3869319195787953,0.4018805463810771,0.16208312522295665,2,0,1
32,0.5881807528962093,0.5820107532152469,0.0,0.3455720172419383,0.5516557586707986,0.6628592656387379,0.6466349990092578,1,1,1
33,0.8186825844114186,0.9548364673085059,1.0,0.7437110134535309,0.6134365695256583,0.4696572651452641,0.7503622260604464,1,0,1
34,0.7449580297004136,0.5572701493203485,0.0,0.6220579393283359,0.6026855715617185,0.4293554345693688,0.6455728922498806,1,0,0
35,0.6023822245295383,0.3903462896263288,0.6738353315566453,0.5267772613125778,0.5543370067329902,0.4344922395529351,0.3831866512714114,2,0,1
36,0.7730343976442701,0.7890905888568951,1.0,0.6381255341764174,0.645591793118057,0.3678948302593069,0.5563290457397422,1,0,1
37,0.5938715618627415,0.5560666530028366,0.4,0.5192548099507555,0.3719523925332764,0.4887424804122246,0.26220190155189016,1,0,1
38,0.6557154470090752,0.6755441455271907,0.966091783079296,0.4139483818175105,0.2917495125562932,0.42098861824827577,0.8755015940688274,2,0,1
39,0.4780150639415574,0.7921028324469837,0.4183300132670378,0.2743969225216887,0.5668268088458754,0.4257007123153543,0.346368608241456,2,0,1
40,0.6845273935335005,0.489094111029045,1.0,0.3250037846927025,0.5288322091045767,0.4585143870513297,0.19595851618290008,3,0,1
41,0.6997103466206852,0.3462390774363145,0.0,0.3741024255555487,0.3448064490362681,0.3345485031554018,0.5510647256244243,3,1,1
42,0.9458451798512344,0.6314745774861719,1.0,0.7048918952747876,0.4306574865718662,0.5865940498327266,0.7107328486468628,1,0,1
43,0.8224745659346695,0.4248890560931737,0.0,0.5540579211715873,0.62151217829516,0.6352604915386295,0.5137472564870711,2,1,1
44,0.7192637517846833,0.4573836850258075,0.0,0.0,0.43813943049903736,0.2676478562637045,0.4974482127442916,2,1,0
45,0.7337118727408631,0.4340261400503506,0.0,0.38650015673565896,0.778727046652357,0.4135252902779079,0.6191318916425458,1,1,1
46,0.5960176802850059,0.6259920878728271,1.0,0.6722541004389022,0.4367971997074621,0.3634768811106466,0.2435931417796099,1,0,1
47,0.8473110567231528,0.4777985130471829,0.0,0.7733739165647577,0.6562721630378017,0.561227977540302,0.7851201566041199,1,1,1
48,1.0,0.3319668765765067,0.0,0.5016099388276825,0.6475382949458204,0.8070049406056243,0.9906875064143944,1,1,0
49,0.5788859663796333,0.6629677452376346,1.0,0.4738270328312258,0.5578299274908789,0.2908931373497768,0.5259820335065516,2,0,1
50,0.676527812929977,0.551736751986992,0.0,0.4896192047700758,0.7755066178992396,0.7955236853592876,1.0,1,1,1
51,0.5722495055353333,0.11498776419500045,0.0,0.6394941690170111,0.6757473274391028,0.5202181967829614,0.8824872075955262,1,1,0
52,0.5672527229334114,0.4780152780534917,0.8640987597877148,0.17214103913038234,0.17989822637882513,0.622575505349116,0.29831156048992125,1,0,1
53,0.5871957205855586,0.7501764136159741,0.0,0.5580078837647307,0.5815896236667808,0.6688334225065382,0.6086181325078877,1,1,0
54,0.958953755122,0.8057606152463581,0.6324555320336759,0.3739110746909979,0.868407123892958,0.570710302052705,0.7308599097909029,1,0,1
55,0.6371742264762804,0.9824885737592104,0.0,0.5635552972448341,0.8740912761893818,0.4879138212625941,0.5874576178355184,1,1,0
56,0.5299725328922694,0.3776086319987805,0.4498995871905385,0.4312326860109792,0.028367453748432414,0.7949070801148359,0.5359318057768744,1,0,0
57,0.5511387794546171,0.3190537440884883,0.0,0.6168945447499379,0.6146821796586477,0.9999999999999998,0.5085541556557326,1,1,0
58,0.5488914664075701,0.5738142913435923,0.5739440431835514,0.0,0.2967464490115761,0.440881747787076,0.4878185614622549,2,0,1
59,0.9234913677485204,0.4869753330159821,0.0,0.7468755604981681,0.6105221820507962,0.6345235335258266,0.5127199512552171,3,1,0
60,0.5672399956318911,0.5356468994601794,0.504524979109513,0.611892721616897,0.5315715761949087,0.44728730070317796,0.6342536479361729,2,0,1
61,0.8865526278287638,0.473905464679561,0.0,0.6561573722846745,0.6715746025840965,0.7903090677757134,0.7465137595249228,3,1,1
62,0.6621378118315623,0.39220262467454986,0.0,0.4207036186367734,0.4204700322022217,0.546957712888559,0.2615758488761619,2,1,1
63,0.6953942634370289,0.7306341519980026,0.0,1.0,0.4735561430611677,0.13106611115253095,0.6967386243643633,3,1,0
64,0.9242586059604432,0.7567529649317306,1.0,0.3137443030799947,0.7624891730881238,0.6909871112801168,0.7262986914293846,1,0,1
65,0.7737894560848279,0.5243942465798621,1.0,0.4744781893452128,0.5019387234546464,0.6030882223165713,0.4123399949783234,3,0,1
66,0.5140150007704308,0.4938817462974436,0.0,0.4531153600732623,0.5440917822795519,0.2637236630421352,0.30273985950151805,2,0,1
67,0.7622004380598408,0.5763130141984775,0.9547920752586628,0.5111136903729854,0.4489816626943228,0.2552522138392614,0.5276835394710087,3,0,1
68,0.7463572528467601,0.10545242808117256,1.0,0.5400991151362025,0.476638065730135,0.24385433713575905,0.5459735228008004,1,0,1
69,0.7198900854005179,0.6712028874430399,0.0,0.482447061843347,0.4630655310720577,0.7135559511218895,0.5047522938662798,3,1,1
70,0.5325679053759651,0.5256546615929247,0.9941002434954168,0.4952217820891569,0.17521556698760254,0.52022227700093,0.4384436202147798,3,0,1
71,0.6381641396435195,0.7604361510170649,0.0,0.6590692365474293,0.6425895556984667,0.22214182508209016,0.5254708948292054,2,0,1
72,0.5922873058086143,0.5666702209951129,0.7745966692414834,0.42291289395139664,0.10369849096138227,0.3767502062474568,0.6675104289985571,3,0,1
73,0.8563565268468839,0.6490069862069116,0.0,0.5925727734249229,0.5257691582359607,0.3249354250134628,0.4856191961276976,3,1,0
74,0.7767773396181213,0.24002228813091786,0.0,0.4766731981656989,0.5052970420672658,0.30242072425166205,0.6494739015703735,2,1,0
75,0.6958600537726993,0.5769204734394826,0.0,0.5157680791253583,0.3120174884094551,0.6037559525125731,0.4090089512273708,3,0,0
76,0.4623691776452264,0.5228616646783972,0.7483314773547883,0.015532977981089324,0.32347570076299514,0.3270910179174821,0.8092324689942242,2,0,1
77,0.8164762101415663,0.5268255675871056,0.0,0.7344837413591545,0.47259589733817897,0.6466145559592271,0.6762818209853793,1,1,1
78,0.6575923911003766,0.3686572328270341,0.0,0.6234447382870183,0.27535968878359496,0.3866986086050426,0.2918162704948636,2,1,0
79,0.662133933920324,0.4814744823816706,0.0,0.688355975156977,0.8769258596364229,0.7666040749799365,0.8041617857930884,1,0,1
80,0.6341374252937617,0.4813978646818877,0.0,0.9051871162455551,0.4565053917269144,0.4954410743708162,0.9792525425018112,1,1,1
81,0.8766697459417364,0.1263074982007636,0.5916079783099616,0.3837835915019898,0.7425398383284729,0.9999999999999998,0.20984974153852254,3,0,1
82,0.7846046979430134,0.1974025274411897,0.4320493798938573,0.3815523909652736,0.3939803599458358,0.4435473774470969,0.7108194436521705,3,0,1
83,0.782670941049371,0.5883594174604536,0.0,0.090214436291431,0.4682336534105087,0.4636851505234889,0.4530072744386623,3,1,1
84,0.5342166477499395,0.4497894042513328,0.4119429204355498,0.5918965756756549,0.6114517602681013,0.3481852578644374,0.4291003942557321,2,0,1
85,0.7583676758413833,0.5185178059620787,0.0,0.7051538623710094,0.7047711518009809,0.3841017632861242,0.5093657526018222,2,1,1
86,0.9155566934908312,0.5042232267103278,0.0,0.28697991048413485,0.438793290993406,0.7589662071401251,0.3407802638080101,3,0,0
87,0.7922800248580243,0.32469010479378,0.0,0.6613363544345354,0.7845677233781838,0.5659664080869246,0.4584829601174456,1,1,1
88,0.6756812688090414,0.8361390373027195,0.8116794499134277,0.0,0.17751881028469518,0.5991823869403554,0.2794793747294381,1,0,1
89,0.7398936544787601,0.5839641699825242,0.0,0.4721962057507909,0.3106198247739438,0.7093803488521925,0.3992082879311984,3,1,0
90,0.8742299409342891,0.7579829320537144,0.0,0.3802277047333913,0.4380348294753764,0.3205426816413399,0.4138587964183471,2,1,1
91,0.8204432944780278,0.8803144134562041,0.0,0.6453315959454624,0.5199545155489296,0.2368292776931019,0.3629410822277367,2,1,1
92,0.7164430706265408,0.3626062284620158,0.8640987597877148,0.3787449442985729,0.2753467684864874,0.5168117276452643,0.3621513457392267,3,0,1
93,0.6822833075245146,0.7045205993475421,0.0,0.6089461056590242,0.7005900483644343,0.26913032478474314,0.47663295877660794,2,1,0
94,0.5435280823791849,0.2859443553914961,0.0,0.8333443896331421,1.0,0.4115831153011511,1.0,1,0,0
95,0.5972324715063725,0.6565861407617539,0.5577733510227171,0.2290457512003848,0.2640165258275142,0.7145344278809352,0.4090413212979298,3,0,1
96,0.4957912705381559,0.6579185881552992,1.0,0.0,0.22289133158565244,0.6567273849488767,0.35395555524187405,2,0,1
97,0.8304326981536989,0.3286554869633917,0.8640987597877148,0.04616569782910673,0.4536987157466219,0.2543330585791577,0.2455456142745258,3,0,0
98,0.6899115629166053,0.32469010479378,0.7135060680126758,0.7440776209656512,0.3695884713340367,0.2102541028014021,0.4464879296522759,3,0,1
99,0.8181939647283785,0.3826078489944522,0.0,0.5796819308961823,0.6224620732900386,0.6071654015838975,0.6966161650992507,1,1,0
100,0.6478233664160357,0.6369305035158096,1.0,0.6305973995926095,0.781811051594367,0.6255328048367609,0.40875615494462736,3,0,1
101,0.5162293623915378,0.6116726195663611,0.0,0.5028932642886357,0.6563148226762265,0.20846004857310446,0.9730330781949732,1,0,1
102,0.7152969771454143,0.6030513749095768,0.0,0.5790134876989033,0.5671743198615851,0.5370477455199414,0.9029469056857496,1,1,1
103,0.6904249001958129,0.3818145807784481,0.6563301233138936,0.5023390458131356,0.8274487871590142,0.3078981322087345,1.0,2,0,1
104,0.7603922737293669,0.5503500079051179,0.0,0.5104109348270658,0.6958456904678836,0.8260405610530303,0.3772385072214164,3,0,0
105,0.8135488262977694,0.7710756527010045,0.6831300510639732,0.7035592651121458,0.3752022715839636,0.4059683834271641,0.5855677885478903,1,0,1
106,0.7013403392251247,0.4035962977946223,0.0,0.3834427543258183,0.0,0.5300092958899142,0.3449559991139821,2,0,0
107,0.6451784971651146,0.0,0.0,0.0,0.4389173035979188,0.4008986520500553,0.5767752817517429,2,1,1
108,0.6992712200088954,0.7827506496110781,0.0,0.5846079659614087,0.7476375642066853,0.4892249493687154,0.5235808591415346,2,1,0
109,1.0,0.7001240913442137,0.0,0.5465932530196937,0.4043167117163404,0.5236043909324554,0.2547021511422217,3,1,0
110,0.7150582009073586,0.3190537440884883,0.0,0.1028860383652468,0.7614175405132415,0.2563344033753031,0.22085550117004216,3,0,0
111,0.8399972933700585,0.8144672077872988,0.0,0.581449749560349,1.0,0.3783054774647886,1.0,2,1,1
112,0.6995824789882,0.4754291272793366,0.5577733510227171,0.3378558575596937,0.7974001967314093,0.38868780331822095,0.4837532855997922,3,0,1
113,0.7383303109068664,0.5167278298534475,0.0,0.6281400527506555,0.3840536517256292,0.7204699593099615,0.6472587727887243,2,1,1
114,1.0,0.1227854975361824,0.0,0.5745733313433234,0.7013840686273425,0.9490009998413976,0.3445546280357697,1,1,0
115,0.8541908307653477,0.5042232267103278,0.0,0.5147938038111839,0.35655838762408565,0.4800849931135524,0.5291445081620473,1,1,0
116,0.7418305668804687,0.7387456273829192,0.0,0.4457008088110523,0.4749027965366493,0.5137195494530583,0.622102026690735,1,1,1
117,0.8365037736570756,0.657812688524277,0.6324555320336759,0.1748695022892388,0.31336193037019777,0.8233084162980636,0.5554822104005113,3,0,1
118,0.5787226201566369,0.7374927971494887,0.0,0.6421913931666801,0.4684409986554357,0.6516921940096254,0.5441689830355797,3,1,1
119,0.6409870127694228,0.3990140175565137,0.0,0.5112677055078318,0.4995248228518099,0.9738692403999101,0.3267979586306027,1,0,0
120,0.9919780998960605,0.7026318781477005,0.8366600265340756,0.5933899720788212,0.5427724379803611,0.6381146032175096,0.8704872227024592,1,0,1
121,0.7046170974550787,0.3822812688946208,0.6110100926607788,0.5665880590542809,0.810847438967303,0.6433169655342529,0.5173350702815157,1,0,1
122,0.7124254167193309,0.2344427691091949,0.0,0.4581767092145057,0.5029238017932203,0.9830683707553473,0.5501618973228729,3,0,1
123,0.9346580326848484,0.5042232267103278,0.0,0.6883142633475998,0.5957361274027924,0.5917055415619131,0.7943355020215775,1,1,0
124,0.7382141942569105,0.44555913149331056,0.5916079783099616,0.4788537455010875,0.7793192241763682,0.2557564465262108,0.6442158963974056,2,0,1
125,0.0,0.7921028324469837,0.0,0.0,0.0,0.0,0.0,3,1,0
126,0.5019141326074792,0.4095319090922384,0.0,0.2073239400313512,0.15831271879634268,0.6150731329679603,0.2140001964512328,1,1,0
127,0.6615981693996515,0.3319668765765067,0.0,0.2334696128099268,0.33038340912648545,0.5717827289832992,0.25351448198967164,2,1,1
128,0.7845836499582897,0.1960885529158236,0.483045891539648,0.5114511975720504,0.5538589005513399,0.42002646130743465,0.5863672653264832,3,0,0
129,0.7926728415344662,0.7189983666005433,1.0,0.7197670199369757,0.5082081627822495,0.37997965206382295,0.4667418987751255,2,0,1
130,0.7319541781231903,0.657812688524277,0.0,0.5177332938117569,0.4911945812456662,0.6323593256429741,0.7829249323272863,3,1,1
131,0.8763931794687478,0.8063439393420803,0.0,0.3609867648669223,0.4329996552270308,0.39404896312393295,0.28391480134922,3,1,1
132,0.6820324663152213,0.5572701493203485,0.0,0.6896651237706592,0.4439318795823217,0.4539883866097754,0.574594821525337,2,1,1
133,0.6434605314924324,0.5381963887200074,0.0,0.5575880089758414,0.8766017146637715,0.800333641260891,0.6533168564393045,1,1,1
134,0.7205380034589737,0.5084619550437821,0.7135060680126758,0.6814700756631034,0.7178164811586103,0.0,0.5942041739851748,2,0,1
135,0.6979531502531795,0.4246713061517973,0.6110100926607788,0.43084172171553625,0.7055837819006594,0.9426887183034414,0.36584825713689617,1,0,1
136,0.7211602844879836,0.5110734172535143,0.8366600265340756,0.3840148271080324,0.4240125117693605,0.2298852309604323,0.5199911182488898,1,0,1
137,0.8427005081089539,0.4412543096472176,0.6563301233138936,0.4184292069799831,0.4306132676238828,0.3655648436865863,0.6305325887990579,3,0,0
138,1.0,0.6814937828123773,0.6831300510639732,0.7497313241387946,0.6389172584125384,0.4408641277738126,1.0,1,0,1
139,0.8548235025275421,0.8643783792570129,0.0,0.6927958945838775,0.9580311304733208,0.2959164374751873,0.9643326808253582,1,1,1
140,0.6466652334752948,0.4232394394176685,0.5739440431835514,0.4766198197525106,0.4007750839949238,0.3174283280056667,0.3546486699344108,1,0,0
141,0.5366132699815089,0.7184269144015544,0.8640987597877148,0.4440032030833034,0.5439985071769731,0.335359056811431,0.7779154659902766,1,0,0
142,0.7061300399140158,0.5139024030101591,0.493435163795169,0.3777143547699424,0.4951547793471753,0.4102623104301026,0.5826148718869314,3,0,1
143,0.669795945707456,0.3757376937984847,0.0,0.5483107521072839,0.4194253795105661,0.21213080400391213,0.505001245913156,1,1,1
144,0.8156742927650195,0.3967211065217184,0.0,0.4571761484095554,0.5620682655665616,0.2798357792087182,0.5061285267773449,2,1,0
145,0.7955398720436595,0.4802874060040838,0.5577733510227171,0.32254469184762513,0.4063572783134699,0.7910701315789904,0.5789056452514476,1,0,0
146,1.0,0.4624073153950836,0.0,0.4340565159067751,0.4107392707002711,0.13857987899821025,0.6093639703506069,3,1,1
147,0.7685729170580966,0.3744871624540625,0.6563301233138936,0.4757229124415847,0.4736055086517599,0.6265356417226232,0.5524207969384147,1,0,0
148,0.7571781520120685,0.7501764136159741,0.0,0.8265381296587488,0.5636943646831445,0.321729741880336,0.6277946366228147,3,1,0
149,0.7139481576746661,0.6162487326926971,0.0,0.6735210796317652,0.4702818683789071,0.4312391252259393,0.9453140060000039,1,1,0
150,0.7781542768047404,0.7143245287421972,0.966091783079296,0.2756802890051961,0.5175477956734427,0.7050255427660044,0.3522701689530924,1,0,0
151,0.6383305370585487,0.561155066360985,0.6324555320336759,0.6184417730850775,0.3708204644751632,0.6001250093466824,0.35801839713704786,1,0,1
152,0.6813341381210716,0.6423502274479647,0.0,0.6039036053296201,0.5413395409553148,0.589823306398383,0.5931412063127098,1,1,1
153,0.5095246802909041,0.7552573579938133,1.0,0.5573472415634589,0.44682457019913135,0.3577752931605768,0.3184002621066524,2,0,1
154,0.4922148963728049,0.7768904737974285,0.0,0.0,0.3994345628470524,0.4107007031904089,0.200185392137727,2,0,0
155,0.56785032402032,0.7030253491515472,0.6563301233138936,0.5725935021027729,0.3247784141767516,0.3506449960515897,0.6226419398088228,3,0,1
156,0.7715033346499696,0.3010346096763491,0.0,0.33794623704793025,0.4932797436756644,0.8212852137773509,0.6521994780062671,1,1,1
157,0.64468783160287,0.4678119837736857,0.0,0.30472535899235176,0.31616750573414776,0.668345408265696,0.2511629369648606,1,0,1
158,0.7172663736409505,0.192996938108194,0.0,0.32368426509028403,0.479979955809204,0.2740638705790658,0.3791354486012663,3,1,1
159,0.5505307755244618,0.5243942465798621,0.9281909617845142,0.4359531920970223,0.3966028567783151,0.4269379793030392,0.35106521264819435,1,0,1
160,0.6508352200399279,0.2859443553914961,0.6831300510639732,0.5342161321935706,0.782928837855331,0.9054031074749074,0.6673310531419882,1,0,1
161,1.0,0.7484902999383047,0.0,0.5908373785420995,0.35449246836205384,0.7465291188131734,0.6296922367586593,2,0,1
162,0.5942788963365989,0.4254801746160571,0.7483314773547883,0.21347108724037867,0.4965855133559862,0.34775741439425184,0.3441608453559406,2,0,1
163,0.4504644868255234,0.2479811816591673,0.0,0.7779250873129158,0.5172819601326273,0.50735594203537,0.6418498336532557,2,1,1
164,0.5131843922537627,0.4298616847700459,0.0,0.3645463045111956,0.5308115119027603,0.4832289169455705,0.42664058792332016,2,1,0
165,0.5827021075883939,0.16686572153081858,0.0,0.4974037418054174,0.43328697609518096,0.3983630072809632,0.07189942965877683,2,1,0
166,0.6275274768349306,0.4124737867315262,1.0,0.4915122464763275,0.4636540907094717,0.2383965282135192,0.5106987078243717,1,0,1
167,0.6214023881446838,0.6569095493963086,0.0,0.4907025750340086,0.2709193839466093,0.7053582786862551,0.4578273739811103,3,0,1
168,0.7662138977515639,0.44328520073769545,0.0,0.2044325956258249,0.5036203512252382,0.5318458722144631,0.5770235723920482,1,0,0
169,0.3634678402257075,0.0,0.0,0.3587144427707721,0.5701713997427866,0.16846852405291374,0.1223534187738322,1,1,1
170,0.8006466205103405,0.4389991837175101,0.0,0.5958964496011276,0.7410541749992643,0.9467500068898274,0.7936964296467318,3,1,1
171,0.8233440736014722,0.7427295406188688,0.6831300510639732,0.4970009545358334,0.6885124010604821,0.4045687493581375,0.5731743144616781,2,0,1
172,0.6725270500266946,0.6090441235917781,1.0,0.6358272155264029,0.7808135004928725,0.3580981330145483,0.479024870413683,2,0,1
173,0.47937750387183703,0.4298616847700459,0.6110100926607788,0.4068258606931128,0.4323156151675742,0.34875245103967023,0.3851028681976262,3,0,1
174,0.6678378826068615,0.5783894219229699,0.5739440431835514,0.8325397272102286,0.7155810456983716,0.4198317726161794,0.4684697710865977,2,0,1
175,0.7230266002894798,0.1535031537067048,0.0,0.22570952531113345,0.4309878694147389,0.13745102276963414,0.4947480438829029,1,0,1
176,0.5954930100910824,0.2448011825793773,0.0,0.05505361697480637,0.3967632416637129,0.3807147782263908,1.0,2,0,0
177,0.6295173826784037,0.5433673651282785,0.8640987597877148,0.5815387772613221,0.5314784689227687,0.381750555171634,0.6237482167150157,2,0,1
178,0.7848062007902094,0.595985438448811,0.0,0.33915303083222703,0.4111807686529811,0.3749895956733543,0.2398487283306104,1,1,0
179,0.564037176237522,0.7954595335674317,0.8640987597877148,0.2064180328112215,0.3926262375556189,0.3427378365677938,0.3760369823277177,1,0,1
180,1.0,0.4608344643210535,0.8116794499134277,0.5151457495306246,0.4145712306892677,0.7094871462466585,0.5618372413999471,3,0,1
181,0.8817036910322799,0.8009408422783041,0.0,0.6289920975739864,0.3538400847236163,0.9999999999999998,0.6062809863022802,3,1,0
182,0.5069717722271512,0.3482510565102649,0.0,0.171115573801238,0.30429328090722163,0.3205096235799493,0.44893488411112503,3,1,0
183,0.673634792158491,0.551736751986992,0.5291502622129182,0.09539643100117877,0.3026638390954801,0.6014709029414995,0.2838971139888985,1,0,1
184,0.6800713507497995,0.5980948519042145,0.0,0.7025208381750296,0.7466865236140938,0.42881682999137977,0.7188110216583689,1,1,1
185,0.9478689661568376,0.4340261400503506,0.0,0.4874547478010314,0.35880197891546795,0.7005337428958072,0.3547858014373504,1,1,0
186,0.5918029115188707,0.5016785425703647,1.0,0.4799174435418703,0.3462192650546765,0.4562875301011366,0.32974650156125385,3,0,0
187,0.8333141550423047,0.7169144135429042,0.8640987597877148,0.5798633827627366,0.475045445692134,0.5863272276692394,0.2913812496618702,3,0,1
188,0.7236089295264815,0.4583068868351249,0.0,0.4206400289893857,1.0,0.9999999999999998,1.0,1,1,1
189,0.5705432498935683,0.7241628354960254,0.0,0.632927486527187,0.4689110847300988,0.4372331404334548,0.43879327300120063,2,1,0
190,0.7372524854639187,0.36158497853084665,0.0,0.4307978340598009,0.4771796979686416,0.7592678434599033,0.2378239361135759,3,1,0
191,0.4886277234761176,0.5256546615929247,0.966091783079296,0.9123546045082698,0.5197661463155527,0.4273361215008389,0.3501245536640424,2,0,1
192,0.5674061053902124,0.6412257247893163,1.0,0.6560848637711754,0.5749062325492644,0.4694438928747099,0.5459697968736217,2,0,1
193,0.5467663840911846,0.4985998597425601,0.7135060680126758,0.4501070959539408,0.2830955522200287,0.3565999879585256,0.4911124040469757,3,0,1
194,0.7026682807740486,0.4380098028426377,0.0,0.8188808962191647,0.693257670292938,0.3636640075632485,0.7877760438977913,1,1,0
195,0.7991332305397171,0.3077714805869999,0.0,0.4703245486495167,0.3281308458139829,0.7107662457344016,0.34808836253210473,1,1,0
196,0.4908818719983721,0.644854608923398,0.0,0.6767865676584801,0.6884717236922957,0.7333028534518441,0.3608943857469527,1,1,0
197,0.3893753914835595,0.4463470503638984,0.0,0.17154228597667398,0.5173680487229997,0.28251494471688743,0.4790406386542378,3,0,1
198,0.7028381336905332,0.5167665438298322,0.0,0.7894278587994474,0.5865590622722188,0.5425067897757063,0.5205767563330409,1,1,1
199,0.0,0.39730270795485295,0.0,0.0,0.0,0.0,0.0,3,1,0
200,0.8132114787840677,0.4463470503638984,0.0,0.6934186890437495,0.4707093723424001,0.6257237713821167,0.5369756107691902,2,1,1
201,0.6299304448273254,0.5769204734394826,0.0,0.7641414697506548,0.5758519843905434,0.6399389828096579,0.3820731400453342,2,1,1
202,0.5823384971428563,0.40200503244241975,0.4320493798938573,0.0,0.3977257642095061,0.6095476809179557,0.3896327126709305,1,0,0
203,0.6928969672860309,0.5042232267103278,0.0,0.5638727161407893,0.8019654624123247,0.4440791625806168,1.0,1,1,0
204,0.5485974394835981,0.5625172199638795,0.7302967433402214,0.0,0.4800406149322067,0.471953756772771,0.4088027361256584,2,0,1
205,0.5852478416272198,0.6158308707556289,0.6214554662658653,0.0,0.5230107302863893,0.5343620665702458,0.5472592458641116,2,0,1
206,0.6618431543837295,0.4990311674282835,0.0,0.6023699870075507,0.4930302687613075,0.3670209060161823,0.534995054324071,2,1,1
207,0.6719775704118538,0.6822216329414801,0.0,0.1289491440102335,0.6496183287716975,0.375031212979937,0.8034995528372265,1,1,1
208,0.6814787501303324,0.3903462896263288,0.0,0.4907368655389703,0.3154531112307337,0.3968254075106146,0.6025054722534402,2,1,0
209,0.5025617639294541,0.6385091519387244,0.0,0.6706425952249031,0.3712979866773791,0.9999999999999998,0.4880025862034133,1,1,1
210,0.7464199466765621,0.6942361090491073,0.0,0.5583801116177227,0.5756886919837838,0.27516286043743016,0.5687718493228249,1,1,1
211,0.6957615203876111,0.7000796211953462,0.0,0.6250576299329413,0.5612495926832248,0.425290323003974,0.4785590713786351,2,1,1
212,0.6563303810689736,0.7484902999383047,0.0,0.0,0.5762414736931829,0.7361732286303548,0.4242210166175194,2,1,1
213,0.6547216529176665,0.5465410235494811,0.8944271909999159,0.6258306305849857,0.474635278420217,0.4127973208342229,0.4543748752527883,2,0,1
214,0.5446086012477896,0.23373551694823794,0.5916079783099616,0.42755383978549055,0.5099099160196647,0.2861272662263425,0.5207166249846299,1,0,1
215,0.46056351202636503,0.5042232267103278,0.0,0.2826256006676733,0.24625407404120425,0.5505853534071005,0.3660899422098843,3,0,0
216,0.7848442120836728,0.2294174683663581,0.0,0.5649218418854307,0.5182272851534226,0.2100378858656502,0.6775437512777961,1,1,1
217,0.7400659324047612,0.5042232267103278,0.0,0.4694574987442302,0.5395904452575209,0.5202171798671938,0.510470969867525,1,1,0
218,0.8746510594579712,0.5343219002203686,0.0,0.4724185082630754,0.6820154123638589,0.5552216728981347,0.4462236540667959,1,1,1
219,0.6907936180248513,0.6449355371362219,0.0,0.7577136509370135,0.5323452219495612,0.7365200576951199,0.4026086686421124,2,1,0
220,0.7905476270440838,0.7579829320537144,0.0,0.42229716448644616,0.7036053616732112,0.4410326225373056,0.6161093406633075,2,1,1
221,0.6812875506335243,0.6698720710008059,1.0,0.4170584739593899,0.5396717863969485,0.4860789446319662,0.6986440779538087,2,0,1
222,0.746218422547884,0.24669238599840465,0.0,0.2471173563209489,0.3823150340761561,0.5630844724960611,0.34939772706435,3,1,0
223,0.6070791059515491,0.3777050939307589,0.7677718959499145,0.6095082544099721,0.7797127071800536,0.9878010878472964,0.8180323820620964,1,0,1
224,0.6547855727735787,0.561155066360985,0.5916079783099616,0.4763840814927782,0.4958374259422638,0.5033430755242941,0.5336837783601861,1,0,1
225,0.7294368679007294,0.22213577281086244,0.0,0.0006966927075930941,0.2388042830882704,0.19393711926861326,0.34704425168328823,3,1,0
226,0.5650187574963557,0.0,0.5577733510227171,0.7717724746773982,0.42707915289431386,0.6601855867703194,0.5849851515545423,2,0,1
227,0.8990630584388781,0.5813201706606713,1.0,0.5840428286527661,0.6164409062067941,0.700913376290189,0.5052634167678122,3,0,0
228,0.809408629218564,0.7483181741934732,0.0,0.4150440709463954,0.5820312466961974,0.5801292463840418,0.30846655742023604,2,1,0
229,0.6434090898645325,0.15723253230950526,0.8116794499134277,0.05436645330263978,0.29781261340286,0.37983861202016256,0.4908480553930174,1,0,1
230,0.7840247390108124,0.20515505588384025,0.9281909617845142,0.5964431410624371,0.5037487377237551,0.4368835427689182,0.5674063592302976,2,0,1
231,0.5570567857076856,0.5980948519042145,0.5916079783099616,0.5747546580106064,0.22496628981251,0.5196688674988156,0.5523939482697842,3,0,1
232,0.6826578308753369,0.7819333167648118,0.0,0.3316066060056517,0.5700857834657125,0.3619796688472457,0.398546345787376,2,1,1
233,0.726035833149111,0.3977836305458776,0.5916079783099616,0.3628300970095655,0.5636584374574893,0.6234015854897169,0.5546324754652706,2,0,1
234,0.7308335447743821,0.4538725204263716,0.0,0.3802224579301488,0.3738591705699548,0.4351404238661007,0.3299123919853273,1,1,1
235,0.7279390141816124,0.43968559675805,0.0,0.0,0.37094611740834216,0.6233789261177783,0.2867384513463743,1,1,1
236,0.7383032990492416,0.4959923132500496,0.0,0.6676785988506388,0.5899863431315158,0.5878106638873679,0.9737451487173208,1,0,0
237,0.6820480766345246,0.5256546615929247,0.6563301233138936,0.5502281303605141,0.6428894209613714,0.5512495382521041,0.5317078766699629,1,0,1
238,0.6258722053689506,0.5765347892427077,0.8640987597877148,0.09498178600739493,0.2960431892421831,0.4186324777677156,0.4137221256642517,3,0,1
239,0.7846727081827107,0.4248890560931737,0.0,0.29187327509382044,0.6258731644724718,0.43124628042826746,0.3221300493386465,3,1,0
240,0.9322815031910576,0.3514333247320553,0.0,0.7240601204920907,0.7065906072945507,0.6590792400998745,0.4701670256394299,1,1,1
241,0.8170421308538169,0.7087625840502523,0.7888106377466153,0.4873479731153729,0.3578914070273853,0.5670927621918598,0.5506385558548031,1,0,1
242,0.6416691223572926,0.32265736096176617,0.0,0.6457000873270822,0.5893177917604473,0.4307031862412273,0.6654706057095444,2,1,0
243,0.4449674815584454,0.4990311674282835,0.0,0.11041469669265423,0.21505714693101985,0.23488609809596506,0.17137849761290758,2,0,1
244,0.6861224005693046,0.8528514784216654,1.0,0.6026764969501031,0.4344658079782373,0.5627044490772686,0.561397383493586,1,0,0
245,0.7201708212099829,0.4678119837736857,0.8366600265340756,0.4370393713558691,0.2269973218109911,0.6261252461159559,0.4577170133802473,1,0,1
246,0.637154571036037,0.1535031537067048,0.0,0.5838265231256283,0.38805331765902507,0.5999619515890234,0.5658228180208297,2,1,1
247,0.52697810141404,0.3508984160628116,0.0,0.5075660420410806,0.04484612225476692,0.44632311911676376,0.3390622205564505,3,1,0
248,0.6940224808258274,0.6349722942098346,0.6324555320336759,0.4619132416792216,0.5551894271139786,0.5237466048273691,0.4494986756423711,2,0,1
249,0.8189839110459478,0.6215834838212276,0.5739440431835514,0.5707270474597284,0.7356040288825103,0.5608635872559055,0.5861184811790171,1,0,1
250,0.711027220763057,0.7241628354960254,0.0,0.5284852877693016,0.5761953646942477,0.6681706431707629,0.384427180439051,3,1,0
251,0.6274641714801391,0.7009466461285621,0.966091783079296,0.6078148091250508,0.21658490672441896,0.9999999999999998,0.4087878295262317,3,0,1
252,0.5504034278539537,0.3190537440884883,0.0,0.4882216023064583,0.3298519647127209,0.6381872614239021,0.3835311200811457,2,1,0
253,0.9524626737317762,0.6903376307588247,0.0,0.4170456276016257,0.447544600811844,0.8689035677101392,0.3718377227662527,1,1,1
254,0.5118642464769994,0.6822216329414801,0.0,0.6455252991599476,0.5313200695452838,0.3181319886066319,0.2507239957653262,3,1,0
255,0.7410670175774754,0.5643126369435691,0.504524979109513,0.16023483976266384,0.4039370007400101,0.40104527386048144,0.6026926052461397,2,0,1
256,0.6099806538600462,0.595985438448811,0.0,0.0,0.3431239035131779,0.6142459413539031,0.7202977616733196,3,1,1
257,0.8515968552493108,0.4560687619448972,0.0,0.5859680686888922,0.5536922442648804,0.5753646022248089,0.5927953443703203,1,1,1
258,0.9102405241867862,0.2485627294937213,0.0,0.6592836265416668,0.6364353467746191,0.5899587604156705,0.5071205747848642,3,1,0
259,0.7069466164773325,0.4128195839734858,0.6110100926607788,0.5529605531934862,0.3239144917042194,0.9999999999999998,0.5548668695751977,3,0,1
260,0.8974455308425155,0.4863491348398787,0.0,0.4543988366695473,0.5181581929661856,0.7765717474793309,0.3944961305003912,1,1,0
261,0.7626891600031483,0.7530865362729302,0.0,0.6547957977604337,0.5774409573313679,0.373583885176326,0.7078755298234957,2,1,0
262,0.8568026762705092,0.148651869088044,0.0,0.42793503878988304,0.3556052289490641,0.5495409273268825,0.3957411568269589,1,1,0
263,0.7637314235606754,0.2465037891046674,0.0,0.4705554096698226,0.1464478302517187,0.537436941367736,0.3696775378874267,3,1,0
264,0.5820075287386378,0.30889176215302805,0.0,0.5598044098581862,0.4517708214502436,0.4926766893983041,0.5634418459029716,2,1,0
265,0.6322965068456368,0.5133754177223562,0.9941002434954168,0.6798305715211264,0.6466115253960392,0.7011770321769671,0.4506717832833923,2,0,1
266,0.8768073408953696,0.4252680028288845,0.0,0.4744057395170174,0.5249935075437929,0.43850579236245385,0.3708967248368682,3,0,0
267,0.7968500774284271,0.7634144937860595,0.0,0.4131745006201069,0.5974907786474719,0.7025386967381004,0.5596499985926752,1,1,1
268,0.8931115082176485,0.5042232267103278,0.0,0.4745833027331603,0.4537391968354034,0.3172045730477659,0.25319689908014464,3,0,0
269,0.5979006170222303,0.7921028324469837,0.0,0.5163253357186246,0.2229472623889324,0.47805912310994797,0.3764347048976213,2,1,1
270,0.7963480403457288,0.5381963887200074,0.0,0.5455037987249849,0.8093510084501141,0.4614783590379912,1.0,1,1,1
271,0.7954973698511257,0.3263266608185095,0.4472135954999579,0.6301606107928741,0.9482038322714716,0.6139389162775012,1.0,1,0,0
272,0.9555564398065836,0.3806121989083907,0.0,0.567402241459261,0.6614709131603602,0.3143155595024627,0.3487466232578229,2,1,1
273,0.6482702509333031,0.7467481057753191,0.0,0.7043189467107478,0.7140435614084482,0.9999999999999998,0.4774423824516245,2,1,1
274,0.8269027035849358,0.4736787188001981,0.8640987597877148,0.6647998793143604,0.6085711117354617,0.5613925085475623,0.5369152420840512,2,0,1
275,1.0,0.3042196231307618,0.5428967140306369,0.3188046735901597,0.3425097740302685,0.4316580209070524,0.5117360594452282,2,0,1
276,0.7002343515845862,0.27262978146003425,0.0,0.3018941526715295,0.25571649153274656,0.3865715861957368,0.3559110765360951,3,0,1
277,0.8378732768028073,0.43968559675805,0.8366600265340756,0.52675552842096,0.3571835558638463,0.5309659093799951,0.3449085597329468,2,0,1
278,0.6819933718861537,0.4122146729176468,0.0,0.3158405705684526,0.4325314450808335,0.2179171033650212,0.4632710364267507,1,1,1
279,0.6808840347816403,0.5036971088139524,0.5428967140306369,0.4891143469341497,0.4006927546058201,0.3490438899528236,0.4678389989706483,3,0,0
280,0.6601154356702108,0.6753351379370539,0.0,0.7429186516777904,0.882365043283543,0.6440871649293659,0.32121227538947306,3,1,1
281,0.6311059423050026,0.1733054466063707,0.0,0.5139407295710186,0.3441772497151199,0.6527428474213403,0.4226591152998874,2,1,0
282,0.6375045740108979,0.8063439393420803,0.8640987597877148,0.6267132788737246,0.5882215864311011,0.582987893251299,0.5605870691415855,1,0,1
283,0.662272375018578,0.3885530643736826,1.0,0.33006711678607914,0.42119819950633386,0.5156898948441974,0.516499073070308,1,0,1
284,0.92691130469246,0.6177343622637318,0.0,0.627721926254301,0.6775175436976397,0.3606820540749909,0.7336563657746898,1,0,1
285,0.7039748074315719,0.10765493302392837,0.0,0.4478428353741606,0.40555989871194775,0.39444401499252296,0.2800112864413683,3,1,0
286,0.7532702146949944,0.5042232267103278,0.0,0.5734434317913166,0.3216886293875132,0.3820274959237813,0.32826414498938394,1,1,0
287,0.6039356959126603,0.2306834358459305,0.0,0.417155454676216,0.4624226105698661,0.2902951623383572,0.6285942059795522,1,1,1
288,0.7509872532645242,0.3990140175565137,1.0,0.011905353405547105,0.2418417812497196,0.2740719612524585,0.07240486375412603,3,0,1
289,0.5890850757109928,0.33126178626422803,0.0,0.28531747820100684,0.4472204333487264,0.3894190274746561,0.17337973701164364,3,1,1
290,0.7910470117117229,0.3757376937984847,0.9074852129730302,0.06966394954225841,0.4761325926639613,0.40571346163015337,0.3400747169611844,3,0,1
291,0.7508820489094532,0.6177343622637318,0.0,0.4594948782965638,0.5267746955206871,0.3818197613383541,0.5189218899005448,2,1,1
292,1.0,0.5148922563919143,0.504524979109513,0.278522398753525,0.679751938838276,0.6855024613740761,0.4448661082791011,1,0,1
293,0.4809789218619714,0.6047524608863317,0.0,0.2910330006803168,0.5288196516778765,0.2523640444243705,0.2680993154186967,2,0,1
294,0.6822358617337956,0.6755441455271907,0.0,0.4718926576583176,0.5921358405200015,0.4776407018091373,0.6840118540655679,3,1,1
295,0.5892355814333139,0.7625708275049706,0.0,0.6250925169216489,0.5025655306791441,0.5582863476634115,0.8548180892471945,2,1,1
296,0.6563303810689736,0.2309790268273281,0.6324555320336759,0.8526815818784517,0.7635348301244924,0.8296436615845109,0.7845010854446687,1,0,1
297,0.8147568086332629,0.3462390774363145,0.0,0.3698137467614515,0.7755021152225887,0.3432097810705494,0.5211087253990923,1,1,0
298,0.6285978571109145,0.5725087773272717,0.0,0.037880832420446715,0.0,0.5866712079482596,0.5487465088525355,3,0,0
299,1.0,0.32968537748964394,0.7135060680126758,0.4955800333835168,0.6052349058058974,0.5706253020558845,1.0,1,0,1
300,0.7019087754725322,0.7530324139288509,0.0,0.6190309261369826,0.5993084028634459,0.7158756233588327,0.3722122220282989,2,1,0
301,0.7104010602084758,0.6903376307588247,0.6831300510639732,0.5632442293057451,0.33669602524766673,0.35954296672322433,0.5380579626920315,1,0,1
302,0.6895086076072988,0.16686572153081858,0.0,0.4868539659781917,0.3486750805265855,0.4752479853312585,0.6024878056927154,1,1,0
303,0.6194054803671164,0.5899869626326659,0.0,0.5832233814902423,0.5322508877889012,0.5193067881879221,0.4533565875696257,1,1,1
304,0.5890456596873417,0.6881774275820604,0.0,0.4137314805918599,0.6101106943287187,0.29402527172808723,0.4226823894845709,2,1,0
305,0.6721319172446351,0.0723499423181918,0.0,0.6965775778270622,0.6047398376803572,0.6341153080326187,0.6329450522864031,2,1,0
306,0.7191080060599581,0.5708233036022141,0.0,0.6371396975128203,0.6723092577993393,0.6185505316638148,0.7543166964625337,1,1,1
307,0.6288915645064721,0.868770203049078,1.0,0.3607893960417545,0.3797546268207408,0.33526835292760937,0.3003059361963082,3,0,1
308,0.5669614290652008,0.5515275294934425,0.0,0.5920142983271148,0.6969336264114443,0.6128303109147105,0.3874301468497956,1,1,1
309,0.3826849624053478,0.5762887342831591,0.5739440431835514,0.01735750130529734,0.25142377568658625,0.3558658321503921,0.3174045601601929,1,0,1
310,0.6615057041618548,0.4373993073467397,0.0,0.6281012641153065,0.6543850648681218,0.8155137459064896,0.8773695327246979,1,1,0
311,0.6576234327008412,0.6150087163959863,1.0,0.3747826365913785,0.3186282633513069,0.2379209813710812,0.20818409139559724,2,0,1
312,0.8351129781019158,0.0,0.0,0.4823550916785511,0.5518375886939524,0.30636738350070314,0.37087869375850896,2,0,1
313,0.568020251437214,0.4521499440176889,0.0,0.5962461346951695,0.42954281584153065,0.5405269205229558,0.4089965751644187,2,1,0
314,0.7317108806193866,0.3806121989083907,0.8788707488040822,0.5966087390224626,0.3631140622728664,0.584120197460112,0.4350433178574116,1,0,1
315,0.8385101260791549,0.7530865362729302,0.7135060680126758,0.8412676011669245,0.6041409386526682,0.6925980208742598,0.7562766557247739,1,0,1
316,0.9341518161510812,0.4252680028288845,0.0,0.4552204926440346,0.419689878368924,0.9737694796582048,0.4415047899218585,3,1,1
317,0.8186771571275583,0.5617094730942669,0.8944271909999159,0.5755212129367564,0.4993169506407531,0.5200120866469126,0.5203374038955606,3,0,1
318,0.7163911436611525,0.8500202640905709,0.6110100926607788,0.3300330397602309,0.6387945622065763,0.3584426027215814,0.28226685546502783,2,0,1
319,0.6199731191920829,0.2122334693930236,0.0,0.6014084477695025,0.6998628958485149,0.9999999999999998,1.0,1,1,1
320,0.5272482689504109,0.4254801746160571,0.8546547739343037,0.1467355231426044,0.3069844554317971,0.2594868952794431,0.3839969103718192,1,0,1
321,0.5865456322402485,0.7154046430085793,0.916515138991168,0.425699107077536,0.6722796011849608,0.1644527328928277,0.32439616808666505,3,0,0
322,0.6746868911610713,0.6573790227775426,0.0,0.5439727109659795,0.6446694960435075,0.4188937362765953,0.614426034689546,1,1,1
323,0.8181093210352217,1.0,0.966091783079296,0.5398507284770364,0.3269887932285416,0.17868411675628149,0.42685423264594896,2,0,1
324,0.7378976249210106,0.7367400271744852,0.0,0.4209168332783921,0.3407164090100758,0.4215716754436961,0.5499994571476239,3,0,1
325,0.7601783149894576,0.3372495774321697,0.0,0.35269952397765536,0.276474959302607,0.7022567970496645,0.2876200539480147,3,1,0
326,1.0,0.5402812826911477,0.0,0.6454967566807799,0.5706424950559563,0.6345051514283933,0.6445309996198194,3,1,1
327,0.7838898089896192,0.0,0.0,0.2973214417467993,0.38261431001889945,0.6063030672210906,0.4814803493505669,2,1,1
328,0.7753057223790869,0.3065403875194366,0.6324555320336759,0.2816688955378659,0.31700311192396136,0.5616463488222163,0.5867610202733744,1,0,1
329,0.6380393071957429,0.8007731611728384,0.0,0.7454522600352753,0.6031854302324238,0.4219713678916828,0.6123607444208576,2,1,1
330,1.0,0.5042232267103278,0.0,1.0,1.0,0.9999999999999998,1.0,3,0,0
331,0.6116689764790463,0.3592715699938277,0.0,0.7514144036192114,0.7673331670471564,0.5176900876652677,0.6481860238644714,1,1,0
332,0.8867126082635075,0.6972778330020426,1.0,0.8017766675645834,0.6077648741202581,0.584309091851422,0.4805015172150778,1,0,0
333,0.588735061500844,0.3723033787851627,0.0,0.266675418074712,0.4470557513901465,0.4081881627559338,0.2537056889868073,3,1,1
334,0.5891187885624819,0.4552538471007066,0.0,0.6860895825246178,0.7527734380922237,0.32135035107098897,0.7960466936228842,2,1,1
335,0.6959723673103888,0.4673668659066618,0.0,0.4698151312120586,0.6390796594318091,0.4207774741014852,0.5468413350894556,2,1,1
336,0.6735371309271153,0.3626062284620158,0.5163977794943222,0.6288147933755486,0.5693502357597855,0.6853452700931492,0.6663608738289827,3,0,1
337,0.5880272949062592,0.6641893646658664,0.7888106377466153,0.0,0.03894074164798034,0.4516573319457032,0.24521061523155485,1,0,1
338,0.8836788347878843,0.5583551313125578,0.0,0.4358235117932647,0.36951993304457176,0.9999999999999998,0.6071038643437289,1,1,1
339,0.5711629967102066,0.6945052536949345,0.6563301233138936,0.4785558911538441,0.4870478374904628,0.4841974204741479,0.7261635617952239,1,0,0
340,0.6393808024031276,0.5860480703837934,0.0,0.5199055551282363,1.0,0.4371438675908798,0.7811637457125297,2,1,1
341,0.6689603750240808,0.5435069481757007,0.6563301233138936,0.3492466959992199,0.4505276695413891,0.2515726579656855,0.3888545684207191,2,0,1
342,0.5351930727042469,0.6376880577459294,0.5163977794943222,0.24596860346670546,0.33391012104624984,0.2380925209000944,0.7200303458422282,3,0,1
343,0.7066366643470915,0.4843115898515569,0.0,0.4128842324773512,0.8170904551569789,0.6183962901000222,0.6665925749328917,2,1,1
344,0.5867943209162011,0.4547923126867892,0.0,0.4122866963477208,0.6284499786616473,0.4538245188766018,0.3846886349752733,2,0,1
345,0.7701520864029087,0.473905464679561,0.9281909617845142,0.09593839206283404,0.2985638203140426,0.3863045637536315,0.517672212678617,2,0,1
346,0.9012105256538914,0.6286389640454877,0.0,0.6134682347444578,0.4067050820095833,0.5138586959045482,0.6335990656363639,1,1,0
347,0.5091729227530523,0.3620055064987264,0.4394353744020411,0.6827036653557599,0.6638523823306262,0.8759926366031004,0.482428637525098,2,0,1
348,0.7093153117565578,0.46832850497268297,0.0,0.0,0.2074177146522493,0.4275040299280152,0.33484998106497743,2,1,0
349,0.5350117537612095,0.4202592345911103,0.6110100926607788,0.21755280203307592,0.3145182408801865,0.3251926513626282,0.3295620556927692,2,0,1
350,0.8396509309491708,0.6641893646658664,0.0,0.4410623885105647,0.3571114358579401,0.6337871189494239,0.7507417230053223,3,1,1
351,0.8557387474892795,0.3514333247320553,0.0,0.7890110317277053,0.5123300780515239,0.42152186829097776,0.4819876938448833,3,1,0
352,0.3915111552252085,0.3957941043140083,0.0,0.4110885186279063,0.6250056804976756,0.2903167364262755,0.6372086475399861,2,0,1
353,0.454618038087184,0.4985998597425601,0.39440531887330776,0.41962594228674455,0.3176702663034048,0.23726993259512985,0.2708016114846402,2,0,1
354,0.6352298297552296,0.2318249466375752,0.8366600265340756,0.09606284837693124,0.19566996293521832,0.4373738503952143,0.25738348327002714,3,0,0
355,0.514789121952236,0.3319668765765067,0.0,0.7158585938278392,0.4644749051081316,0.6611587521239459,0.4111586150209848,2,1,0
356,0.6570910538295692,0.7143245287421972,0.9465727652959384,0.4076573669614607,0.2873482344666858,0.4117986537100205,0.5139071327488643,2,0,1
357,0.5677729596483947,0.5042232267103278,0.0,0.4915307612819699,0.3705530024482624,0.5083846465159612,0.906897975102183,1,1,0
358,0.7300528294496956,0.11196639219812043,0.0,0.6677278154962512,0.9047614806375406,0.6649967570497242,0.4377776238346999,2,1,0
359,0.6524986392277539,0.7372440194247822,0.0,0.7014762091125971,0.8946627568712167,0.8668402812926218,0.8950235948500468,1,1,0
360,0.7225393254994223,0.4573836850258075,0.0,0.4762462611697931,0.5492687247106451,0.4427371279606283,0.3706886151478755,1,1,0
361,0.5623601874807086,0.6202779341587524,0.0,0.4525203084624607,0.4529830240520714,0.7675649761716812,0.3754978914915433,2,1,0
362,0.6228877720389029,0.7031140389504404,0.0,0.5370283459229537,0.6543515020181863,0.5577569568678431,0.6240997837061965,1,1,1
363,0.8766575825127079,0.1733054466063707,0.0,0.4697191553430944,0.3749325761386793,0.3718165829067208,0.3246639762520246,1,0,1
364,0.8396854003152733,0.5036971088139524,0.0,0.4978225161282275,0.4523032578630624,0.448810128092411,0.49204314982491604,1,1,0
365,0.8005711242377318,0.536460366574046,0.6563301233138936,0.642312040927516,0.9822389964651554,0.933751587841285,0.6317237397161161,2,0,1
366,0.5447568487896587,0.6945052536949345,0.0,0.4074669572360019,0.6721639397953965,0.9281308277029094,0.5806974935246716,1,1,0
367,0.7963269004501616,0.7000796211953462,0.0,0.8571908297761208,0.732753751409355,0.5435133368345563,0.6858382145881387,1,1,0
368,0.7472433866762321,0.7413018963185207,0.6110100926607788,0.4212668930692676,0.6359458505591178,0.4047506682890614,0.5075701613662731,2,0,1
369,0.62202958132058,0.6877864092736145,0.0,0.5647753529426289,0.33910635468024863,0.8748747917980597,0.6650452519627185,2,1,0
370,0.7722235080285886,0.28877169362117017,0.966091783079296,0.5267598974525782,0.7550330431655616,0.4389977357893883,0.5009993371037014,2,0,0
371,0.8751883389666731,0.3806121989083907,0.0,0.5615250986337763,0.681670265308401,0.38360221601540057,0.2713749268120622,2,1,0
372,0.8559410635784932,0.5167665438298322,0.0,0.4486902621896807,0.7832216990046159,0.6021623988476035,0.26909083087862473,2,1,1
373,0.7125204896084516,0.38473543487358974,0.0,0.7774840396300641,0.7216435116627624,0.4204911248437273,0.7640843309466213,1,1,1
374,0.5518343172875224,0.6573790227775426,0.0,0.04482685700409306,0.4253831268284707,0.4603611017341994,0.3735984478986456,1,1,1
375,0.9724430863215888,0.5343219002203686,0.0,0.62010527487692,0.5412500682495509,0.5346247264198329,0.5090323853096704,1,1,1
376,0.7491051966914709,0.6369305035158096,0.0,0.6559681828872552,0.3564013433839208,0.5649319894376302,0.370241685498184,1,1,1
377,0.7720653471445359,0.4691976420277849,0.0,0.4798760930050161,0.5851930742762073,0.5804753336291635,0.7461804232345942,2,1,1
378,0.7013618180024396,0.395649796762078,0.0,0.3871515689900118,0.2646954254640128,0.6932264236860229,0.3780952740086687,2,0,0
379,0.5300955062287055,0.4086156899911245,0.0,0.5897482230982884,0.4887399984132099,0.7300523292884885,0.4271153437424059,1,1,1
380,0.8018657686303491,0.527925206059186,0.6110100926607788,0.5208632364983377,0.4350431023390109,0.8599232102560457,0.3774539177314796,1,0,1
381,0.6422746473282859,0.4714590510309476,1.0,0.7276228750424973,0.6134659721522797,0.4148351931152458,0.35358555895681565,2,0,1
382,0.8088486615510095,0.5560666530028366,0.8640987597877148,0.3876127980253728,0.9640809724107404,0.34087009134971114,1.0,1,0,1
383,0.5976307130886203,0.7372440194247822,1.0,0.7144965491723649,0.4770724701416426,0.40177517607456864,0.3348339856157457,2,0,1
384,0.8029416394895882,0.1958863594958129,0.0,0.5684719785208205,0.8438795718519605,0.28330163705511496,0.6957016983209102,1,0,1
385,0.4983091151494198,0.4319130961407524,0.0,0.6552527863257822,0.8150261405918533,0.9999999999999998,0.5690600426960483,1,1,1
386,0.4669620024560127,0.4499799243616053,0.4058397249567138,0.33670918782303616,0.2935423858034598,0.4900202451982944,0.5796654676461396,3,0,0
387,0.9842142015744968,0.5311668257252453,0.0,0.21242988550428168,0.7660540600408718,0.4563267723529337,0.3773398527335445,1,1,1
388,0.7871853900928059,0.6369305035158096,0.0,0.4397185866459257,0.7442554664798817,0.24512249027477884,0.623931977538424,2,1,1
389,0.8169063197066526,0.3331432216418781,0.0,0.6457577151392222,0.44494798814211456,0.4150829486448788,0.5421113228910694,3,1,1
390,1.0,0.7543347527348832,0.5916079783099616,0.6014502263754196,0.3698299596779728,0.3435587339620756,0.4822421928842166,1,0,1
391,1.0,0.38879918280172177,0.0,0.1425424406942657,0.40366709543628776,0.5231510637760244,0.7173178359966809,3,1,1
392,0.6282043000662434,0.5604957121386064,0.966091783079296,0.7054690005944622,0.6824848372220507,0.4922140523543469,0.6244904714494413,2,0,1
393,0.7585431943347182,0.3783327052543085,0.8640987597877148,0.4274400262056712,0.3001722260246176,0.3361747581941881,0.4227760430794427,3,0,1
394,0.7687569451867123,0.7467481057753191,0.0,0.56243625902761,0.5153481423499038,0.543261643232749,0.7566913838840515,3,1,0
395,0.7235734631609768,0.6412257247893163,0.5577733510227171,0.0,0.4714199694573358,0.6155989811977302,0.5262130658110074,1,0,1
396,0.8114594859351985,0.5751957772542992,0.7677718959499145,0.2660623045236914,0.25607292183326114,0.40051148878147996,0.28924065196771503,3,0,0
397,0.7164874194331625,0.7710756527010045,0.966091783079296,0.9351148323630518,0.8130296559264336,0.6097306330440404,0.6850149722676783,1,0,1
398,0.6218916286718773,0.5381963887200074,0.0,0.37314271467066895,0.8467358061536878,0.4918428594130993,0.4883165295689084,1,1,1
399,0.589946869270138,0.3493515856517381,1.0,0.5216643341168847,0.4461331918721832,0.2594298111363179,0.2880394775368348,2,0,1
400,0.6711974745425133,0.5042232267103278,0.0,0.007089949421160924,0.3253337199155426,0.5155084669171759,0.8973573816028598,3,0,0
401,0.7118566523403991,0.5042232267103278,0.0,0.7725685063488665,0.5501086357004221,0.7527122282778493,0.6553537804384192,1,1,0
402,0.4197895115844088,0.23071962668190024,0.0,0.577595528960849,0.5033761098914422,0.4647216806076489,0.9447740989530148,2,1,1
403,0.6404798822998908,0.5560666530028366,0.7677718959499145,0.7147092290930068,0.48768196247972495,0.31361257167769274,0.1729660523480624,2,0,1
404,0.8694940206317906,0.32042211825934064,0.0,0.5623528534554012,0.5096763963277497,0.4162060130600072,0.440855565970669,1,1,0
405,0.5180716111681187,0.4082916094347748,0.0,0.4868850198151158,0.31120199395579284,0.5983734446694636,0.5360634104487229,1,1,1
406,0.6603458071825486,0.6294656957416744,0.0,0.7482840701037006,0.6921150323145222,0.6309650134614605,0.6800573273121701,1,1,0
407,0.1805356126986136,0.2460420272040452,0.6324555320336759,0.3167837907607272,0.34609455940459144,0.4414434476164396,0.31015844446302143,3,0,1
408,0.6299125724033944,0.3783327052543085,1.0,0.6900715055205087,0.59305120186061,0.2608341396495516,0.5293563989160214,2,0,1
409,0.6382265750021664,0.28696783787737384,0.7780780201274199,0.5173234153833182,0.3727949355919609,0.4876347472233598,0.7334441600662126,3,0,1
410,0.7264120600671515,0.5042232267103278,0.0,0.44035577177965024,0.3099881949843253,0.4776266189439193,0.6738897417502953,1,1,0
411,0.8622775335150915,0.6793927142340592,0.0,0.5049979242366279,0.8164014896418614,0.9242175241018198,0.6541452640994284,1,1,1
412,1.0,0.5433673651282785,0.7302967433402214,0.17471937741966492,0.5738376242160683,0.6650259041819861,0.4872005229474125,2,0,1
413,0.9439525586691808,0.15312922816156527,0.0,0.0,0.31284166362261123,0.6785574659062041,0.5701843963594085,1,1,1
414,0.5477091215563913,0.5338271780462641,0.8366600265340756,0.5583545493953554,0.7801518482395411,0.4667907216674812,0.5555467949485142,2,0,1
415,0.8700048880038199,0.5465410235494811,0.7483314773547883,0.6715169246316801,0.767897018066332,0.6799987168973338,0.6924782708580434,1,0,1
416,0.8269020409668043,0.4872666293019941,1.0,0.43458111795170495,0.9114314330495664,0.551000313315536,1.0,1,0,0
417,0.6615099646252512,0.6286856012720534,0.0,0.6009834623537955,0.6948376216181427,0.6431935743049331,0.5973012757687979,3,1,1
418,0.8177086256981525,0.6324483700385071,0.0,0.6090157856348863,0.6152250603247886,0.4247060468927947,0.29996830449636513,1,1,1
419,0.619385282652314,0.5016785425703647,0.9403246919632544,0.5652288227258957,0.814044435638686,0.490660282702812,0.1881813711279222,2,0,1
420,0.8659838568379512,0.528401215286497,0.0,0.4262685952106242,0.5805991473810697,0.7517586335560641,0.4620638235074562,2,1,1
421,0.7648534645043653,0.451219417194662,0.9281909617845142,0.7242314462479147,0.6512105611055188,0.3636428320485233,0.5451723158018681,1,0,1
422,0.7667715874576624,0.4849405781326449,1.0,0.4575217823869001,0.3818825660503011,0.4225976548597292,0.3609025872810474,1,0,1
423,0.5798116002905916,0.0,0.0,0.205844463186974,0.2803696275384049,0.5665606660431435,0.5571759744147319,1,1,1
424,0.8226608079724816,0.2832490559724281,0.36087748355852695,0.5841194748337006,0.6246075160694882,0.9999999999999998,0.8404220762600102,2,0,1
425,1.0,0.7530324139288509,0.0,0.29207349315328024,0.3918725573125916,0.6144459508613784,0.1470885982786206,1,1,0
426,0.6813886267926429,0.2594923021540032,0.0,0.34366223380303396,0.3844651908116032,0.11734885897975213,0.3266154377803461,3,1,0
427,0.7160486371289188,0.5036971088139524,0.0,0.3560558336815749,0.29797801314972383,0.4346482695659165,0.21797131722628127,1,1,1
428,0.6596430863593887,0.6376880577459294,1.0,0.5277291662049262,0.39255166335098224,0.5724630784426182,0.4166003592943765,1,0,1
429,0.8462003566729458,0.7447967681058266,0.0,0.3520416998818625,0.5703313964488954,0.4273313619421167,0.5391793466248951,3,0,1
430,0.8423392232860845,0.5612550120534917,0.0,0.38557125426460814,0.5801530358531395,0.4787765776493023,0.5115935594390537,1,1,1
431,0.6414336335025158,0.6411664691744449,0.0,0.9972112916681491,0.2598898418179634,0.3405462140096209,0.8451361172011685,3,1,1
432,0.579258820088192,0.6432116538063557,0.0,0.0,0.1941320512834499,0.20758499958229776,0.5024321924762937,3,1,0
433,0.7800845063265964,0.34912601662028736,0.0,0.08169461134411549,0.41080422548588746,0.4607362522280755,0.3156704261149991,1,0,1
434,0.5988950384548182,0.6755441455271907,0.0,0.42308804915671416,0.3838059402856018,0.3772762697844737,0.3664228085920152,2,1,0
435,0.6908599178373107,0.4691976420277849,0.0,0.6328029540750286,0.6862353607972127,0.8044330156554339,0.6246075109072947,1,1,0
436,0.8511592835103772,0.36158497853084665,0.0,0.5855494966596151,0.43727936796785816,0.5684051231408064,0.5206661419577936,1,1,0
437,0.6480738246717334,0.5139024030101591,0.0,0.6037813716169023,0.6545879707279496,0.4751789947308324,0.3484095777298839,1,1,1
438,0.49246241739841795,0.7447967681058266,0.0,0.06817760238377701,0.5275727289515999,0.260028849093472,0.210768711795232,2,1,1
439,0.6336124620533224,0.6535244713909556,1.0,0.5884623411023426,0.7544571143674423,0.5352131722093623,1.0,1,0,1
440,0.6811534404413221,0.5370216225024576,0.0,0.651812667086487,0.7481622320606005,0.8264776242873297,0.6873428696730325,1,1,1
441,0.8753795997532204,0.6411664691744449,0.0,0.17358012731315675,0.6050274124560933,0.5771388918968797,0.7048040873313893,1,1,1
442,0.7592931286372422,0.5696089555693218,0.6324555320336759,0.2048046713371469,0.28655441391527026,0.5526720820719407,0.4084194159529616,1,0,1
443,0.5774077873961332,0.6793927142340592,0.0,0.5292243253520148,0.5166237391093971,0.3836503835604507,0.3293820902167732,3,1,1
444,0.730861654700132,0.4001862115963313,0.0,0.5058343899312074,0.7148719496004028,0.3937138077275332,0.4813837823714945,3,1,0
445,0.5996457375607812,0.6716335616992775,0.0,0.485606907702147,0.603409348988704,0.6334310703168161,0.9436220141986924,1,0,1
446,0.4929073276264298,0.6030383112533741,0.0,0.5778126501756464,0.5484315111309785,0.7585198851250751,0.6340017161325349,1,1,0
447,0.7357145524348184,0.5136002001642249,0.5577733510227171,0.16968638927113489,0.33766970321211565,0.5890426315094603,0.39792058486947857,3,0,1
448,0.7750067162492826,0.6753351379370539,0.0,0.7391258933326235,0.7171334426742919,0.5815808134763579,0.6504648062445514,3,1,0
449,0.5441144639045805,0.2947823246905076,1.0,0.6637137206939521,0.5537001732517264,0.5364050791099835,0.6010758504239396,2,0,1
450,0.9636529030869664,0.3600949592565645,0.0,0.6224813201361208,0.6062398342643527,0.3081570491066609,0.6346892845636656,3,1,0
451,0.7349956115231648,0.7000225763820149,0.6563301233138936,0.7443038965316298,0.4591800674035553,0.5183822059011802,0.5562337617479768,1,0,1
452,0.5695422867807829,0.0723499423181918,0.966091783079296,0.5515776033332092,0.4737927692372825,0.29874890558224143,0.2653047690777857,1,0,0
453,0.6850235622914068,0.18251512000472087,0.0,0.22980604754026146,0.4302604426843242,0.8054325909239628,0.3958684021919559,1,1,1
454,0.6169520542479111,0.4778650988252104,0.6110100926607788,0.0,0.0,0.4855352375954303,0.05342549325834156,1,0,1
455,0.7498493028664482,0.5007368619463038,0.0,0.30140872320864176,0.4031233284979268,0.4419173994832589,0.14284680634592456,1,1,1
456,0.6983951302987759,0.6691876299731627,0.916515138991168,0.4779305811603879,0.4574654635795601,0.3789304251027014,0.4986810751964165,3,0,1
457,0.7183362498387024,0.7704623121933618,0.0,0.5186725880825467,0.5422526582734377,0.3287554384447253,0.4719187011504605,3,1,1
458,0.9071308587485928,0.6202779341587524,0.0,0.6344835026754563,0.15478694783738445,0.5787245543850492,0.5214313658693028,2,1,1
459,0.7454343781989453,0.16411634016415086,0.0,0.7148720096189027,0.4848727766821917,0.3857839503266493,0.5239385846068534,2,1,1
460,0.6751060290205805,0.3304290406512467,0.0,0.4208774425277397,0.2368468469173628,0.5559922741132206,0.22043730842215914,1,1,1
461,0.5619843957600213,0.5022121738105741,0.0,0.5515557102017539,0.6749518044159901,0.2495532955678453,0.3955293894710924,1,1,0
462,0.8437874904168289,0.5005773549589553,0.0,0.3613390471099134,0.4194893069361396,0.3332279877337989,0.5248561927627647,3,1,0
463,0.7206495385426626,0.28571596649982106,0.0,0.6060167836106913,0.4052993070888451,0.4921751197387488,0.9506497170760964,1,1,1
464,0.7025867708147583,0.4947705189321454,0.5916079783099616,0.3487823251247111,0.2296814921937533,0.4758415322837018,0.24407598178661216,1,0,1
465,0.8533915199561962,0.3893883790200572,0.0,0.6064363972183511,0.6628065378243866,0.6445042480103093,0.3919383157933587,1,1,1
466,0.7290773497910145,0.5005773549589553,0.0,0.6335006752082517,0.4756914955389597,0.595103537640926,0.4433455820408137,1,0,1
467,0.9133580159824072,0.5887160074053879,0.0,0.5497447490111362,0.6465351183176657,0.7425068005930056,0.6367341023688584,1,1,0
468,0.7562491797987467,0.7367400271744852,0.8116794499134277,0.3828114434297163,0.5216372878890271,0.6737504334863558,0.8412631389851472,2,0,1
469,0.5870661540658257,0.2005673781911681,1.0,0.43009181981761735,0.05042920470246071,0.34867186840600045,0.26522918557381325,3,0,1
470,0.6606921681901609,0.6579185881552992,0.8944271909999159,0.5965410520633139,0.43692434589608986,0.5759577384090022,0.8175558342552557,1,0,1
471,0.6327683127767252,0.7250444986092757,0.0,0.0,0.2771493025349143,0.45746504171082797,0.3555660979683252,3,0,1
472,0.692679397971882,0.6324483700385071,0.0,0.595300769997916,0.7408564086992695,0.5527079359221083,0.5793576435221149,2,0,0
473,0.5648118384257125,0.5016704673567228,1.0,0.6235781927410179,0.3170822942627587,0.33883564885446776,0.5147609751738877,2,0,0
474,0.6628437358364037,0.7372440194247822,0.8116794499134277,0.7320162546283909,0.6481056948435266,0.5510155046083022,0.622684043937265,3,0,1
475,0.7640769287030129,0.5370216225024576,0.0,0.7066413664548836,0.7471335675187099,0.36369153854211145,0.8141210145327159,3,1,1
476,0.7549454809983883,0.4099281293093961,0.0,0.3870490669790669,0.35815328676746194,0.3630898207962582,0.5857001519630815,3,0,0
477,0.7534929302333822,0.5883594174604536,0.0,0.7334130998108409,0.573427160738694,0.5015272192058328,0.6179757205060857,1,1,1
478,0.8844200932431342,0.4972167536453011,0.0,0.5776212548764246,0.8128253590374361,0.5119832828461459,0.5607468024294612,2,1,0
479,0.6153959240896321,0.2726980658502757,0.0,0.7043474685917133,0.4881564278335431,0.5006488314942112,0.6006946006303584,1,0,1
480,0.7492726162180058,0.28696783787737384,0.6324555320336759,0.4049922186899764,0.2964419536470844,0.7977070441815169,0.4168225670134685,1,0,1
481,0.5739656196077476,0.5318810639150864,0.7888106377466153,0.6724622541466871,0.6006943111825878,0.8930226320303452,0.5905824072035784,2,0,1
482,1.0,0.6669312728806056,0.5916079783099616,0.42999623901041417,0.6889133561487459,0.4548913537820886,0.361173186128812,3,0,1
483,0.6969383587861228,0.4833228405476189,0.0,0.7055583149192373,0.5608488162598717,0.532721516897944,0.6216149787387919,2,0,1
484,0.7622437952760843,0.148651869088044,0.0,0.0,0.3366116101079448,0.317145360103323,0.4463144607908847,2,1,0
485,0.6279608600566977,0.6385484794352212,0.0,0.3722819078297874,0.45931974152409294,0.7032815878726345,0.44479871177739627,1,0,0
486,0.9758867902335354,0.4925366176033997,0.0,0.2114986205075801,0.2828074718442466,0.6921791415080706,0.1554369492085642,3,1,0
487,0.6346192903496088,0.557094202276631,0.0,0.5374952195158862,0.4593471200109336,0.35350918622290595,0.4438008213588265,1,0,1
488,0.8633108812339675,0.3849154126988794,0.8116794499134277,0.6960738124531307,0.3942251683761249,0.5916237135991198,0.7665181706440566,1,0,1
489,0.954043887269974,0.0723499423181918,0.6563301233138936,0.5442444844372929,0.25427344278920105,0.4658659491539165,0.6252983596590634,1,0,1
490,0.7379083251138231,0.5042232267103278,0.0,0.5866426786225638,0.2246824679617363,0.6205578658468827,0.3526163813250384,3,0,0
491,0.785426296509861,0.3304290406512467,0.0,0.7554944134413919,0.8867790359792027,0.6482037855362516,0.7256784642447979,1,1,1
492,0.7532935366203055,0.3872613694520697,0.0,0.5421764638407094,0.4172056940280775,0.4037246934073912,0.8477605727571261,3,0,1
493,0.6201562758290219,0.809712741814995,0.0,0.4995269209342048,0.16894220214842282,0.3668900909473482,0.3651325891733588,1,1,1
494,0.7105376047641957,0.2359312267151606,0.0,0.3838782618836962,0.6056503481919298,0.4495104013502416,0.4066433629702205,1,1,1
495,0.7738367136658698,0.4497894042513328,0.0,0.4684619947146622,0.4437907328732822,0.4653184456921451,0.6685319015946629,3,1,0
496,0.6605796795771878,0.5042232267103278,0.0,0.8326394523114047,0.7535807626981383,0.9999999999999998,0.7032438303906291,1,1,0
497,0.5787868048626262,0.6680910950413526,0.7135060680126758,0.25609185446037586,0.1747150201790515,0.2524476899116583,0.27887751625350604,1,0,1
498,0.6048762202549599,0.18021463853877706,0.6324555320336759,0.7580359814881099,0.4850062105966679,0.3806136370036128,0.4123340666490447,1,0,0
499,0.7070425622212138,0.5318810639150864,0.8944271909999159,0.7874860694819539,0.6298128676767745,0.6592528924568143,0.7327016268873415,1,0,1
500,0.7195142907379279,0.0,0.0,0.8537062391196386,0.7962648384374851,0.4936026266068157,0.4650949579203346,2,1,1
501,0.7385177117971619,0.7484902999383047,0.0,0.6639487704215057,0.5744807479306775,0.8899975988281879,0.4104303455027865,3,1,1
502,0.9098010573109068,0.7819333167648118,0.0,0.454922414070305,0.3592635299581945,0.3922254517514509,0.43364113127850895,3,1,1
503,0.8142432475371455,0.5042232267103278,0.0,0.2160772619150073,0.4257200831608648,0.5154340652084872,0.03818037085686643,2,1,0
504,0.5481555830849771,0.3010346096763491,0.0,0.4943538846526554,0.2476521056441481,0.4298011762890839,0.23696573319575984,2,1,0
505,0.9992317209826004,0.2621991182168645,0.0,0.5323027796766837,0.6099019664004144,0.8630272528285555,0.4028057064655117,1,1,0
506,0.5872083814117035,0.4246713061517973,0.0,0.5309391790199491,0.5252723901509451,0.7872345805600572,0.6063310057737171,1,1,1
507,0.6016119126852816,0.5467066811966297,0.0,0.5236062435244087,0.7140271799030027,0.6392913606425074,0.4766358998247501,1,1,1
508,0.8151415016799329,0.6215834838212276,0.0,0.5048605101746091,0.4181115355982219,0.5683625511449267,0.4765480450269782,1,0,0
509,0.5695390329815683,0.35697947058602764,0.0,0.6289439712772236,0.5858163571689288,0.4601343330746573,0.5404442899819923,2,1,1
510,0.6345789591803344,0.5283211524348456,0.0,0.135626532930349,0.3259631463453272,0.4186781638769477,0.2707379749829271,2,1,0
511,0.5806160502594895,0.5996709577547338,0.483045891539648,0.535665456385491,0.380440251772082,0.2791872711726458,0.4747980977801626,3,0,0
512,0.7905766775746609,0.24669238599840465,0.0,0.2582653733052496,0.5761507885628265,0.5712989066053957,0.8772985200065374,3,1,0
513,0.6428183054455382,0.8340785042052445,0.8366600265340756,0.5786385067923128,0.4563902619994518,0.4371438675908798,0.4038001603906818,2,0,1
514,0.5666149093654769,0.4389991837175101,0.8116794499134277,0.0,0.3397819722476896,0.5295046248664887,0.5343133510755231,3,0,1
515,0.5455058611372355,0.633803365017109,1.0,0.585877601255401,0.4748174009904014,0.2995849295322181,0.36847005885091866,1,0,0
516,1.0,0.7890905888568951,0.6324555320336759,0.7908456527762819,0.5289322747652987,0.581690851466276,0.6361789791018421,2,0,1
517,0.8593307916576378,0.3514333247320553,0.0,0.5100150951563993,0.3682168625215734,0.6646840958797037,0.3021651389331037,3,1,0
518,0.5496912943566599,0.5534420365506562,0.0,0.4120015201867453,0.0822646342437705,0.4609311279539885,0.18383284876064587,3,1,0
519,0.7478475465687342,0.1535031537067048,0.0,0.6136239482456158,0.6906350909140244,0.638862616167521,0.18524282520233826,1,1,1
520,0.6785165676220272,0.4983754014602254,0.0,0.6260695841490236,0.41734371341808796,0.3385676516338302,0.31872542489267797,1,1,1
521,0.6516625938772264,0.4124737867315262,0.7483314773547883,0.7162395962246304,0.5914874807212613,0.23990437632099945,0.5021160944878771,2,0,1
522,0.6369517184607472,0.5954620068726856,0.0,0.2151518769356944,0.3757467545810143,0.3981402824331197,0.4485915757520708,3,1,1
523,1.0,0.5560666530028366,0.8640987597877148,0.4565117180195362,0.5601344020494061,0.569422536778876,0.33396037076102736,3,0,1
524,0.8266487804214541,0.8408235544968904,0.0,0.5364895520605177,0.43370220376422464,0.28886324722028656,0.6100962343284958,2,1,1
525,0.7006124743147392,0.5331858569415876,0.0,0.4089644851895127,0.4357293896251849,0.4811190141622103,0.4572103997927883,1,1,1
526,0.5934894838883258,0.7567529649317306,0.6324555320336759,0.4221844417995495,0.4222605002748938,0.5575940572752355,0.5262548839983162,2,0,1
527,0.7634961392079984,0.0,0.7888106377466153,0.18143417017793687,0.5064742328679754,0.2743994479294037,0.5190237311256647,2,0,1
528,0.6257857635030528,0.7536756617185023,0.0,0.510836073676435,0.345697219802229,0.8383657162366625,0.7260937502649992,1,1,1
529,0.750344271856133,0.8185737642995624,1.0,0.500554674203368,0.4624052195073356,0.6767363659666426,0.5121559223890669,1,0,1
530,0.7556544461777194,0.4373993073467397,0.0,0.539468936831712,0.6927924478191683,0.9066224559123086,0.6508647626471588,1,1,0
531,0.596577216809839,0.4506318417007142,0.0,0.4542235556185173,0.4787434340333014,0.3647531741889512,0.5385491848064515,1,0,1
532,1.0,0.5726862442224513,0.0,0.7236770397758736,0.5989438306481449,0.5332298395084718,0.39260878473861416,2,1,0
533,0.6810866071777367,0.6035799778952946,0.0,0.1044166744530166,0.4641674814739807,0.3728758392470717,0.376592740983011,1,0,1
534,0.8027567143870342,0.4676830128317122,0.7135060680126758,0.7040986184058777,0.7251969014914366,0.2952626731044811,0.9824352029582664,1,0,1
535,0.6534303971470855,0.5283211524348456,0.0,0.5677793014725303,0.5831779831197308,0.3136523459077712,0.655373989314804,1,0,1
536,0.8171327352476768,0.6917508135716812,0.0,0.3534584784426489,0.5448421412370672,0.5064872272090962,0.5253890438302307,3,0,0
537,0.6884322943712381,0.5696089555693218,0.966091783079296,0.5563766870893829,0.5538071709463734,0.30144688611806925,0.4147072116141931,2,0,1
538,0.6311329691073665,0.5813201706606713,0.6324555320336759,0.3501868425678474,0.44970375652478256,0.3111956434223662,0.7678297727347095,1,0,1
539,0.8375973297852453,0.22015372588847384,0.6324555320336759,0.3273682754141873,0.2381462912334367,0.3465573265647371,0.19590400861242385,2,0,1
540,0.7028303043659511,0.5331858569415876,0.0,0.2885867196734342,0.4723281582182779,0.2274413256102916,0.4877697801130093,1,1,1
541,0.8582891453608025,0.6180281428908883,0.0,0.7564235482434558,0.5068490318782957,0.2627307637605147,1.0,3,1,0
542,0.5158340140233594,0.2465037891046674,0.0,0.5191839996798056,0.5512290892941705,0.4116308500968618,0.4250664284336225,2,1,1
543,0.5276116652869475,0.4319130961407524,0.0,0.4233051593586925,1.0,0.9999999999999998,0.6116385601904466,2,1,1
544,0.6948843206991913,0.3816672441899684,0.0,0.6781194306257117,0.7138955807929921,0.4959113439109047,0.5553956466319455,1,1,0
545,0.5796012786270706,0.7129733916050706,0.0,0.4654148849245772,0.5360832651888332,0.6807014047338276,0.486537105797306,1,0,0
546,0.6364972116310211,0.45469235902190797,0.0,0.6796559326474867,0.5926346158855729,0.5920821949168029,0.3743735516952955,1,0,1
547,0.6558930040261012,0.3613962824254567,1.0,0.7978231963002447,0.6085094513097369,0.60171128699827,0.548654973273502,2,0,1
548,0.7620745824555012,0.8419392153555743,0.5739440431835514,0.6689750630787064,0.627846888372736,0.4162679469906316,0.6197503491142462,1,0,1
549,0.685100563518916,0.7975974777919138,0.0,0.6260515973372679,0.4540827299402175,0.3735775106426279,0.4835862390328929,2,1,1
550,0.6153904899233121,0.3517710236372013,1.0,0.8140378574143217,0.7474089005294748,0.8486230708608425,0.5715675777579672,2,0,1
551,0.7305202659250751,0.1696606744782284,0.0,0.5298666617370387,0.3986041017054449,0.6805903501057738,0.5600938729419951,2,1,1
552,0.6756645838036979,0.5862698833884814,0.6324555320336759,0.5341004790960824,0.6967025722229532,0.7375109872818719,0.5855653023099446,2,0,1
553,0.7619141642228862,0.6078237532854585,0.0,0.7480347881541363,0.6208265170155567,0.6211087089970488,0.5473192108317441,1,0,1
554,0.6390731789453254,0.2309790268273281,1.0,0.7090666547401288,0.5557659036862306,0.5553245158981801,0.43393176546902656,2,0,1
555,0.8727522121399535,0.736603167982369,0.0,0.5822714483453737,0.6094307204497835,0.5874435832991276,0.7086799167803325,1,1,1
556,0.6453581460814068,0.22015372588847384,0.6831300510639732,0.5896230097389967,0.8612547550509458,0.5476950808959682,0.7032012735662653,1,0,1
557,0.5593790290829471,0.4124737867315262,1.0,0.6940113122838962,0.5760753206316098,0.2862293680302217,0.5758900826607911,1,0,1
558,0.7077511615983397,0.5862698833884814,0.0,0.4889793804767084,0.07628814013512475,0.33154409758129216,0.3677861186089928,3,1,0
559,0.7675604179740348,0.3077714805869999,0.0,0.4464875232231673,0.4319076949833893,0.3937080665012694,0.3206926159199204,1,1,1
560,0.7216463095479002,0.5042232267103278,0.0,0.4255075297869393,0.3184231707298655,0.6091587852245358,0.5459834952876169,3,0,0
561,0.6074746020180773,0.14297022626844308,0.0,0.6536967799007041,0.7044789537940199,0.6598572968212802,0.7669911125194938,1,1,1
562,0.7444996622868403,0.6286389640454877,0.0,0.34102934521601114,0.3928319941864205,0.3441516113675199,0.2852661819384357,3,1,1
563,0.9958078910704102,0.4778650988252104,0.0,0.3170225665631872,0.4521626496510462,0.3643954204040456,0.33992146945007906,3,1,0
564,0.8577003303669948,0.6462958112186021,0.0,0.4652476638195715,0.2877426201429798,0.5149896392313178,0.4946860354571049,3,1,1
565,0.4378069811084738,0.5397838300659132,1.0,0.5884069414495041,0.6515582436260481,0.5521452760204879,0.5278842798864257,2,0,1
566,0.6393422578410751,0.7009466461285621,0.6831300510639732,0.3174180200775361,0.5848732329006068,0.43709254880906695,0.7173840776803407,3,0,1
567,0.7277724696478398,0.595814275473831,0.0,0.4255026872961025,0.4343341113784911,0.6536097763632357,0.3140680880272778,1,0,1
568,0.5614816775768218,0.4031280227138507,0.0,0.6270069993380609,0.6317509131658046,0.4908433999548469,0.3479691986431199,3,0,1
569,0.6615057041618548,0.36982542008019204,0.8366600265340756,0.6420851391096996,0.6700052923840976,0.6404712468144081,0.5875953482898152,1,0,1
570,0.6803980751805635,0.7189983666005433,0.0,0.15148169338935347,0.4601847357993338,0.493508240592656,0.7751621890771502,1,1,0
571,0.9074926809633136,0.4254801746160571,0.0,0.3605262466263373,0.6983928864183395,0.4181623211211559,0.15402377905565912,3,1,0
572,0.507147170375144,0.4673668659066618,0.0,0.2758276171514673,0.249513447110012,0.34823537652696945,0.19295394027862567,3,1,1
573,0.8441126531586669,0.4871520463535206,0.0,0.6686199463064284,0.4627513847443636,0.4749071753956758,0.6319718523585203,1,0,1
574,0.4589675633186298,0.2344427691091949,1.0,0.42820251902339024,0.2476577573882545,0.4798352347086899,0.9356360727602132,3,0,1
575,0.6283869156502135,0.489094111029045,0.0,0.963166701650506,0.35539215759921383,0.11404913322009234,0.3801625246989939,3,1,0
576,0.6144779814112359,0.7250444986092757,0.9403246919632544,0.0,0.28022549467037816,0.7652932441216659,0.3787737457527164,3,0,1
577,0.6786994634404785,0.7189983666005433,0.0,0.28850048914771165,0.20718337852516933,0.4776675891423121,0.2705824739178553,2,1,1
578,0.5421301182763317,0.4248890560931737,0.0,0.4792155738776316,0.5560678796951279,0.35199157431349115,0.5795296940135309,1,1,1
579,0.8156258954008222,0.6199280881461604,0.0,0.5922828488323724,0.6921509126584541,0.4035066993833502,0.8368301904084158,1,1,1
580,0.8261471663928797,0.536460366574046,0.0,0.41557655566821694,0.5655530871603907,0.4139245308139229,0.4844070825563661,1,1,0
581,0.562839652439972,0.5927832870521332,0.8944271909999159,0.5548413933935024,0.8388953448543677,0.9999999999999998,0.6231663477395352,1,0,0
582,0.5169020164287516,0.697771058246969,0.0,0.27730337735512833,0.1459868017518824,0.2326435596436675,0.20508444083975053,1,0,0
583,0.5001325125071991,0.5423051952312758,0.0,0.7323582758947413,0.4580086420387879,0.7579804897379214,0.3898481115630491,3,0,1
584,0.7078762290091849,0.3190537440884883,0.0,0.6277356387519983,0.6465373367268861,0.2745132212556853,0.4967005406267809,2,1,0
585,0.7426991478650377,0.5726862442224513,0.0,0.6333001437619252,0.655067842761097,0.3206839686648597,0.33038631739581936,2,1,1
586,1.0,0.5623728949497097,0.0,0.547860171904464,0.5590047263493423,0.4610860564932509,0.4829383620833708,2,1,1
587,0.6966946994609071,0.24669238599840465,0.0,0.6517343561148223,0.4165919936106153,0.43168131177812535,0.5305836613819597,2,1,1
588,0.691564832703411,0.5116885171483853,0.6324555320336759,0.3968065456816312,0.2929941287224267,0.2908158967448795,0.5069355470570344,1,0,1
589,0.6113459761958514,0.7413018963185207,0.5501842443243016,0.8814975491308932,0.5644985794011739,0.2368550893844949,0.7844110087420816,3,0,1
590,1.0,0.5839641699825242,0.0,0.0,0.4694208259974282,0.9913197801796094,0.3754453424994851,1,1,0
591,0.7248404486008398,0.4983754014602254,0.8640987597877148,0.18795196412510684,0.6421027357637286,0.5233782186462645,0.5524496380797136,2,0,1
592,0.7704709191840903,0.6637317879739458,0.0,0.7260654127002617,0.6851965195382408,0.7212831511943996,0.8273370662407454,1,1,1
593,0.5233644374026679,0.25379979241485184,0.0,0.3838381931088968,0.8520083503123528,0.3936549663184425,0.5499261346929962,1,1,0
594,0.6480858762417596,0.5088186430462025,0.493435163795169,0.4696834503964045,0.33960073471777563,0.3171125818182788,0.3209825192442037,2,0,1
595,0.6460847577227603,0.4876536594123048,0.0,0.6764786126485323,1.0,0.9999999999999998,0.4282336924563188,1,1,1
596,0.6733890676257533,0.6778558531129286,0.8640987597877148,0.13915394574834927,0.3437432295633953,0.4992073221481079,0.29959426063099004,2,0,1
597,0.6861979695610045,0.5042232267103278,0.0,0.07947567048990932,0.35902795512185826,0.3393167583026285,0.22461415146778552,3,0,0
598,0.9074324161332844,0.4150738480491013,0.0,0.15285760326801426,0.7345060594543766,0.9999999999999998,0.7972353912659694,1,1,0
599,1.0,0.3263266608185095,0.0,0.5284921431440353,0.7008070911625649,0.5766008377049734,0.7613807192728622,1,1,0
600,0.9866320421645541,0.8219509261573175,0.0,0.7262364493761488,0.8367805459112583,0.5814930053909905,0.3963900810110452,1,1,0
601,0.8669776064094346,0.33126178626422803,0.0,0.3935061113997218,0.7179116312380582,0.2746737568542276,0.36957733736972187,2,1,0
602,0.6877062994240051,0.5887141707345879,0.8640987597877148,0.4511373905129119,0.5411611213993823,0.27898073496698145,0.30358738386409656,1,0,1
603,0.5910912277504272,0.5682160655889157,0.9281909617845142,0.553133797834203,0.5679000725460488,0.6842198414813462,0.6238342237943866,1,0,1
604,0.9057853867919116,0.7397184388433413,1.0,0.5934946343221785,0.5656457847323999,0.17597516313834075,0.4806025416229603,1,0,1
605,0.6329056226709895,0.6449355371362219,0.0,0.7179799376446621,0.4795711971637238,0.6856182159975103,0.7322252809968207,1,0,1
606,0.6542411834498892,0.5892156750064038,0.0,0.6620023293506438,0.6688510852512577,0.7755601188965927,0.70653075470283,1,1,0
607,0.5103818904089404,0.4390102307545649,0.0,0.6881458004479111,0.5198483309081341,0.35080593548626965,0.589908501066167,2,0,1
608,0.6546008450939522,0.5886037894263909,0.0,0.6010085513421863,0.4920965663446273,0.3434082890088749,0.6589240335466579,1,1,0
609,0.6661899494317614,0.5983116476759929,1.0,0.6945134525863281,0.4644502408413642,0.5485183028828212,0.48248363905285296,1,0,1
610,0.7367279462994151,0.3613962824254567,0.8366600265340756,0.32845937451183715,0.3634177641051428,0.7763078613514025,0.5926595429635042,1,0,1
611,0.8912806043219164,0.28341771229156065,0.0,0.5574402166871426,0.5053221447530716,0.3276629747763855,0.4726718058626981,1,1,0
612,0.7006930337946518,0.5927832870521332,0.7245688373094721,0.4243427867897509,0.5471196455403262,0.4725635844421411,0.4021379284663004,3,0,0
613,0.5925380632906938,0.4497894042513328,0.0,0.5026738769115848,0.5044890883737227,0.5317288086267876,0.5550801555365229,2,1,1
614,0.6262928374841455,0.5042232267103278,0.0,0.4000126097275718,0.4584700968298319,0.05058176509843308,0.4504595953674563,3,0,0
615,0.514504415531798,0.5042232267103278,0.0,0.8365969840607548,0.8582695581267641,0.9999999999999998,0.7860949488137653,1,1,0
616,0.8261933245102483,0.5148922563919143,0.5428967140306369,0.26825137020203016,0.25646422152681714,0.3801899172593006,0.3363187881177482,3,0,1
617,0.8119413887369068,0.6953940466949514,0.0,0.4836735687969345,0.6778819553429172,0.5831123208813981,0.2390258979292581,1,0,1
618,0.8208906430187553,0.7410050938736514,0.0,0.09358826564261412,0.5852284212776233,0.4969114297037074,0.3378911735950445,1,1,1
619,0.5431033417707681,0.6565861407617539,0.0,0.7383890242732641,0.8135462897007697,0.6225150639157954,0.4610605439923259,2,0,1
620,0.7118182428919999,0.4610651024946904,0.0,0.5616610308741556,0.2197078894418756,0.3828553859135688,0.3748515525001717,3,1,1
621,0.4456807073689238,0.4254801746160571,0.0,0.3260390505478128,0.1052399705758864,0.1560183208188085,0.2788165688326785,1,1,1
622,0.6902812249208654,0.24002228813091786,0.7987331741854121,0.7138037801832553,0.643115162839885,0.4866384668065383,0.3580323066458292,2,0,0
623,0.5672571683566239,0.6432116538063557,0.0,0.4511130699328216,0.4923985721251765,0.4435223671055711,0.5565442656489538,1,0,1
624,0.7508298520594326,0.4990311674282835,0.0,0.5961098250362973,0.5090990962504984,0.5072245240960397,0.3853175350070762,3,1,1
625,0.5439611338303147,0.8361390373027195,1.0,0.6023195337343985,0.5428614125288742,0.3826756952721593,0.4405448228288117,1,0,1
626,0.7190752354298183,0.13145243485432606,0.0,0.596351284287536,0.30391276683040624,0.3696525304895173,0.3055370882475671,3,0,0
627,0.9777940331475908,0.1227854975361824,0.0,0.6975753137649505,0.5300691346089201,0.4350712601232008,0.6560641040228944,2,1,1
628,0.4729423718857862,0.9548364673085059,0.0,0.19173910049216047,0.4322508287321452,0.5736866130134581,0.6138219328859947,2,0,1
629,0.7465311718281261,0.4529820829608976,1.0,0.038744323244300105,0.25569084213741045,0.5133948926479878,0.5888534570388958,1,0,1
630,0.6744035584396216,0.4106346746909273,0.0,0.5824228215495301,0.6249829585069753,0.3802954256266172,0.5816196686412638,1,1,1
631,0.9195292724031332,0.7595210408149738,0.0,0.6764779201553459,0.3729207490466049,0.2901178448688185,0.392218570874304,3,1,1
632,0.7611215523733789,0.4876536594123048,0.0,0.6472363966654182,0.9696402700421004,0.5300547671054312,1.0,1,1,0
633,0.4682086503919689,0.6423502274479647,0.0,0.5723547336154661,0.6997058479833334,0.3636280103063162,0.3800786817522408,2,0,1
634,0.8381911078342025,0.5666702209951129,0.6324555320336759,0.4751481911875413,0.4952540246623063,0.4714118371792344,0.5509751607331124,1,0,1
635,0.5923081594288517,0.6497930218331684,0.0,0.014748150517311487,0.5925499172145168,0.07581235657445508,0.2486538191179156,2,1,1
636,0.7174312889402813,0.2465037891046674,0.0,0.008444434585818783,0.4534824310522687,0.3868872640139927,0.4133767111087909,1,1,1
637,0.7465336531969162,0.369219101455904,1.0,0.6729942321236493,0.3215558138242336,0.503056774300294,0.31425850191991345,1,0,1
638,0.7886485573486613,0.7087625840502523,0.0,0.4107949726179321,0.4335390789114808,0.40656337080871735,0.4045041969304615,3,1,0
639,0.6807997037474102,0.6712028874430399,0.6110100926607788,0.3480126052906378,0.4807711325662931,0.9405296108591544,0.253915121858037,1,0,1
640,0.6893368052660415,0.2294174683663581,0.0,0.5866022746452906,0.5401991615937616,0.13436779051683878,0.4454274344854709,2,0,1
641,0.5528554835674998,0.6397574777028009,0.0,0.0,0.2852236934706065,0.1535689005929684,0.2704048536443849,2,1,1
642,0.9121084050260378,0.2464990133727843,0.0,0.7664316948547771,0.5859983360040875,0.8478876530220538,0.5372205405440191,1,1,0
643,0.7285576586267329,0.4302950564416792,0.7483314773547883,0.0,0.2825673703273865,0.5277936928180658,0.5453075463056293,2,0,1
644,0.639526791890243,0.192996938108194,0.0,0.5194071500595623,0.34860027874556665,0.9561434727295632,0.4462142834965295,2,1,0
645,0.5995345291803701,0.23559469676002545,0.6250581368309709,0.13332721880503762,0.07676568893150959,0.16713043039399278,0.28712149085399385,1,0,1
646,0.446672182430338,0.4881352000211407,0.8640987597877148,0.15857239510456722,0.1415247767944885,0.4937764095848765,0.3278442824528143,3,0,1
647,0.6643689506304769,0.74646575853312,0.0,0.7114014798453159,0.6021519707351548,0.5278564921537683,0.6019464442625061,1,0,1
648,0.7854055047641669,0.7153833302625449,0.0,0.3811648924432056,0.38574454810679226,0.4126104420527029,0.33535146162636176,1,1,1
649,0.667116526135603,0.3153439469269086,0.0,0.7953213980795724,0.4806160223882177,0.6631718236963421,0.5336316284312019,2,1,1
650,0.7377288153258565,0.2344427691091949,0.0,0.3365701141140942,0.3095323067804085,0.3229067382925821,0.7706364887982552,1,1,0
651,0.5863941381914564,0.3190537440884883,0.5825752650035353,0.2642856619397893,0.8023177632998408,0.4017228670397473,0.4521113069188911,2,0,0
652,0.9272051815744141,0.4814587176620779,0.0,0.4860184961838066,0.32635383169119003,0.5933407592310339,0.3839239340267683,3,1,0
653,0.7345132385020836,0.6327024611974492,0.8640987597877148,0.5088629196546623,0.6218438785077502,0.3830436270740294,0.7554740912647421,3,0,1
654,0.7583399895289774,0.633803365017109,0.0,0.5182818321247139,0.5030410827595739,0.4160345792568657,0.4940086773797372,1,1,0
655,0.4971837904712448,0.22213577281086244,0.8197560612767679,0.5637915902939366,0.5441455402425777,0.3846887019559741,0.3734655848305784,2,0,1
656,0.6634216982741534,0.6823757329231444,0.4640954808922571,0.7116298162381955,0.6243466688290269,0.3024917640655162,0.5737035367696528,2,0,0
657,0.6433816167523914,0.674183387869189,0.0,0.3756520902258647,0.3589805962983164,0.13438358240725362,0.37052237846589575,2,0,1
658,0.8412507796999759,0.2665558406470638,0.0,0.3692942275076767,0.468280095357611,0.7114161088977399,0.4638100330018043,1,1,0
659,0.8417574211679775,0.3818145807784481,0.4320493798938573,0.5023839584117553,0.3709452769927912,0.9680565255176748,0.545055884683167,3,0,0
660,0.7997430347977363,0.470032615594415,0.0,0.4395332127540463,0.38948353671595415,0.3040860919822549,0.7954467230296417,2,1,0
661,1.0,0.6341921049218674,0.0,0.6248271102011724,0.5647322055610526,0.4760348960768314,0.4227843952110609,2,1,0
662,0.6330335704948654,0.5806953424755648,0.5916079783099616,0.4406456904450007,0.4356944184123892,0.377772314128064,0.3743671359450794,1,0,1
663,0.6299177144117832,0.7143245287421972,0.5916079783099616,0.3787151404201817,0.3664360700506799,0.8232568997494365,0.19618446936701472,2,0,1
664,0.764175185799396,0.4716349983006904,0.0,0.5578994617779179,0.6879415416039456,0.4551307008700154,0.5053230234530681,2,0,1
665,0.8013786159149359,0.5604957121386064,0.0,0.3064926718937091,0.4968923126581586,0.46293283216304,0.5293145702912094,2,1,0
666,0.7665646400514089,0.3254132292082103,0.6928203230275509,0.5359946980991559,0.5939871251979221,0.5793711619585559,0.5858751181615689,3,0,0
667,0.7014622575942322,0.2890139295152326,0.0,0.4817341602622012,0.8114132300726541,0.3036318801333436,0.6466599741694083,1,1,1
668,0.9386991897589558,0.1696606744782284,0.0,0.6793507349741432,0.5643563518300783,0.2847756757468997,0.6166758120510364,1,1,1
669,0.5444694801241917,0.7965073817415592,0.8640987597877148,0.4185500646291391,0.4624038151625172,0.12781167326721415,0.5406631022844398,2,0,1
670,0.9134235375572044,0.5643927549842903,0.0,0.5901403162207615,0.6363461224550013,0.904778397981426,0.6418397836771067,1,1,1
671,0.7787365629932299,0.4669393586807203,0.0,0.7072338235249465,0.5761745713695288,0.6271031750461523,0.93724370691838,1,1,1
672,0.7730527647906985,0.9501528235832142,0.7999999999999999,0.4670380004591035,0.7622918567575439,0.4455613206808631,0.6105858742376646,3,0,0
673,0.5856340048022515,0.6473158387192759,1.0,0.0,0.5302654337779051,0.6756133036231974,0.6231473453180857,2,0,1
674,0.5819459946875821,0.6256489899506298,0.0,0.2455803599613091,0.2442744593810993,0.37047558614409604,0.13186339101821054,3,0,1
675,0.7020148625694027,0.5042232267103278,0.0,0.7090905330837227,0.36176934059731214,0.3829992321511687,0.502721877258435,1,1,0
676,0.6791612210584578,0.2005673781911681,0.0,0.40665219992546575,0.3879887136553217,0.5436415458719961,0.4786470061428102,1,1,1
677,0.6654228134230786,0.489094111029045,1.0,0.7315788953725164,0.4673763662995836,0.6560889722512027,0.632253219082677,2,0,1
678,0.7260453085172752,0.8019123520709153,0.0,0.5925581687102639,0.6364976987545343,0.4854748335092881,0.6001450160826483,1,1,1
679,0.722124576721825,0.6382418245004404,0.0,0.4355713832877228,0.39536079442877936,0.3817396296497367,0.4026712327131859,1,0,0
680,0.5101706653378727,0.6490069862069116,1.0,0.6226213081526257,0.2637863653134205,0.6868751499287237,0.720342022087035,3,0,0
681,0.7117266249008749,0.6050140988512281,0.6110100926607788,0.5742495995274464,0.5754887157056117,0.8391845543666392,0.6778459004559402,1,0,0
