,C1,C3,C4,C5,C6,C7,T1,T2,T3,T4,T5,S1,S2,S3,C5p,C2,C3p
0,122.0,2.225,0.02907427348367355,40962052.0,10600000.0,51.345,470.0,12719.0,11560.0,301.0,690.0,62.0,117.0,139.0,3.864344528301887,1.0,0
1,254.375,-1.62,-0.013351642245815757,28869196.0,2400000.0,25.936,791.0,21792.0,19585.0,510.0,1120.0,71.0,242.0,237.0,7.882540768354138,0.0,1
2,90.0,-1.24,0.02071500183158597,16845668.0,5000000.0,7.377999999999999,201.0,5262.0,4785.0,128.0,325.0,61.0,33.0,60.0,3.3691336000000005,1.0,1
3,209.0,-0.91,0.020023137256796598,14848637.0,4500000.0,8.526,328.0,8259.0,7574.0,177.0,509.0,80.0,59.0,110.0,3.299697111111111,1.0,1
4,80.0,0.07,-0.034894701316965815,30741716.0,8250000.0,632.298,572.0,14830.0,13176.0,336.0,720.0,67.0,149.0,167.0,3.7262686060606063,1.0,0
5,94.0,0.06,-0.05755607666070545,42402916.0,7407407.0,197.59099999999998,510.0,17999.0,13934.0,328.0,815.0,62.0,96.0,181.0,5.724393974841669,1.0,0
6,128.0,-1.87,0.004105524336536758,19047022.0,5500000.0,5.146,495.0,15758.0,13953.0,379.0,698.0,82.0,106.0,135.0,3.4630949090909087,1.0,1
7,91.0,-0.74,0.040619988496656566,19371750.0,8000000.0,103.833,334.0,11226.0,10056.0,276.0,-1.0,55.0,120.0,122.0,2.42146875,0.0,1
8,100.0,-0.51,-0.029315926285396837,52982501.0,11000000.0,279.6,620.0,14813.0,13463.0,335.0,917.0,58.0,124.0,234.0,4.816591000000001,1.0,1
9,106.0,1.49,-0.02492507736968316,33622690.0,11000000.0,494.00800000000004,385.0,9134.0,8107.0,198.0,459.0,81.0,90.0,147.0,3.0566081818181816,1.0,0
10,107.0,0.01,0.00912459122415893,27400178.0,7398703.5,103.833,332.0,7534.0,6747.0,169.0,263.0,51.0,65.0,74.0,3.70337559817068,1.0,0
11,99.0,-2.535,0.015487112031121256,17826801.0,7000000.0,0.32,253.0,5788.0,5200.0,138.0,385.0,29.0,41.0,70.0,2.546685857142857,1.0,1
12,126.0,0.27,0.019731083271667373,15889841.0,3750000.0,26.499000000000002,206.0,5732.0,4963.0,141.0,259.0,21.0,43.0,80.0,4.237290933333333,1.0,0
13,140.0,-2.19,-0.006315604699400098,14310258.0,3700000.0,0.07400000000000001,416.0,10562.0,9835.0,231.0,726.0,81.0,118.0,138.0,3.867637297297297,1.0,1
14,254.375,0.18,0.023274685510332932,50025520.0,13750000.0,166.896,624.0,18633.0,16471.0,380.0,909.0,98.0,244.875,172.0,3.638219636363636,1.0,0
15,233.0,0.17,-0.07978998452796494,90015707.0,10000000.0,510.19199999999995,586.0,18142.0,15782.0,413.0,649.0,98.0,92.0,155.0,7.882540768354138,1.0,0
16,125.0,0.31,0.00025485632575635107,24333033.0,11800000.0,571.192,269.0,6456.0,5687.0,140.0,336.0,36.0,33.0,83.0,2.062121440677966,1.0,0
17,77.0,0.14,-0.006315604699400098,23087591.0,10000000.0,363.465,391.0,11322.0,9589.0,247.0,603.0,72.0,134.0,133.0,2.3087591,1.0,0
18,92.0,1.18,0.036830796877746964,63369555.0,8300000.0,170.27,528.0,13516.0,12431.0,323.0,523.0,54.0,75.0,117.0,7.634886144578314,1.0,0
19,207.0,0.63,-0.01269239188194706,19045933.0,5000000.0,132.5,512.0,11684.0,10189.0,267.0,429.0,52.0,78.0,91.0,3.8091866000000003,1.0,0
20,174.0,-1.43,0.045262646375410436,31051055.0,6550000.0,103.833,473.0,13801.0,12500.0,296.0,768.0,66.0,136.0,182.0,4.740619083969466,1.0,1
21,78.0,0.67,0.05404000937680397,45201120.0,10200000.0,662.1277499999999,591.0,14315.0,12418.0,353.0,675.0,57.0,73.0,88.0,4.431482352941177,1.0,0
22,68.0,-0.86,0.002545640136170962,11894956.0,4000000.0,64.60600000000001,279.0,6569.0,5889.0,149.0,308.0,29.0,93.0,97.0,2.973739,1.0,1
23,91.0,-2.535,0.03582773310561604,19283332.0,5000000.0,0.17600000000000002,248.0,6533.0,5977.0,150.0,384.0,58.0,39.0,100.0,3.8566663999999995,1.0,1
24,101.0,-1.39,-0.0017460164572123164,21001943.0,7000000.0,3.88,263.0,8601.0,7663.0,184.0,473.0,63.0,51.0,93.0,3.000277571428571,1.0,1
25,76.0,-2.535,-0.003957877372461608,22646381.0,5500000.0,2.23,259.0,7830.0,7033.0,156.0,453.0,36.0,85.0,119.0,4.117523818181819,1.0,1
26,254.375,0.38,-0.03711550033032608,25909462.0,6000000.0,94.73899999999999,499.0,13534.0,12580.0,337.0,777.0,91.0,88.0,237.0,4.318243666666667,1.0,0
27,40.0,-0.41,0.025763708515827013,71864857.0,22329369.875,345.32199999999995,527.0,15006.0,0.0,334.0,809.0,46.0,181.0,167.0,2.395495233333333,1.0,1
28,113.0,0.5,0.035642375510738435,40403276.0,8696820.0,428.51599999999996,641.0,18484.0,16496.0,436.0,898.0,125.0,164.0,184.0,4.645752815396892,1.0,0
29,75.0,-0.93,-0.015947285678912314,26614227.0,12000000.0,18.643,403.0,12099.0,11038.0,281.0,626.0,103.0,102.0,162.0,2.21785225,1.0,1
30,42.0,0.22,-0.03711550033032608,35665434.0,9000000.0,257.056,578.0,16953.0,15176.0,378.0,885.0,81.0,87.0,169.0,3.962826,1.0,0
31,84.0,-0.49,-0.03446512812118845,55594944.0,8793408.0,59.038999999999994,511.0,16279.0,13883.0,348.0,776.0,71.0,99.0,110.0,6.322343282604424,1.0,1
32,83.0,0.13,0.02071500183158597,11150000.0,1950000.0,38.434,329.0,7154.0,6296.0,175.0,384.0,47.0,47.0,94.0,5.717948717948718,0.0,0
33,254.375,-2.535,0.08509670457922383,95288875.75,22329369.875,68.525,536.0,13374.0,12334.0,304.0,748.0,66.0,149.0,194.0,3.4839877403173207,1.0,1
34,29.0,-0.02,0.016442651117707995,22087485.0,5085985.0,185.076,388.0,12190.0,11085.0,274.0,677.0,56.0,116.0,160.0,4.3428136339371815,1.0,1
35,94.0,0.15,-0.01238272736361786,17048772.0,4687500.0,40.045,400.0,10135.0,9114.0,233.0,545.0,47.0,69.0,98.0,3.63707136,1.0,0
36,133.0,0.0,0.05647474671864434,56707490.0,11474528.0,36.12,547.0,14728.0,13418.0,345.0,841.0,60.0,149.0,176.0,4.942032474015488,1.0,0
37,87.0,-0.64,0.016234824406075828,52212444.0,16000000.0,52.897,471.0,12754.0,11459.0,308.0,601.0,65.0,85.0,103.0,3.26327775,1.0,1
38,160.0,1.4,0.036866889518440776,24181137.0,6535405.0,519.966,322.0,7738.0,6866.0,186.0,342.0,35.0,60.0,125.0,3.7000211922596993,1.0,0
39,78.0,0.04,0.056994918380870514,25106719.0,6250000.0,32.068000000000005,535.0,17094.0,14915.0,347.0,927.0,78.0,84.0,157.0,4.01707504,1.0,0
40,20.0,0.51,0.004669618127058825,95288875.75,22329369.875,662.1277499999999,572.0,17353.0,15234.0,430.0,917.0,84.0,144.0,125.0,2.8513546401643763,1.0,0
41,119.0,1.08,-0.019999416118981355,19629551.0,7666667.0,46.672,326.0,7912.0,6987.0,195.0,365.0,30.0,68.0,94.0,2.560376106070604,1.0,0
42,38.0,0.09,0.029256701372662963,19932773.0,8500000.0,608.16,657.0,18736.0,17202.0,438.0,923.0,111.0,244.875,262.0,2.345032117647059,1.0,0
43,112.0,0.01,-0.006417682468154485,42908654.0,13350000.0,103.833,507.0,12468.0,11248.0,289.0,701.0,79.0,140.0,142.0,3.2141313857677902,1.0,0
44,156.0,-0.01,-0.0008063218195906665,30941015.0,6861919.0,69.833,547.0,17361.0,14536.0,360.0,860.0,56.0,156.0,194.0,4.509090678569653,1.0,1
45,222.0,-1.42,-0.004839837912175111,15634343.0,4600000.0,103.833,280.0,8296.0,7337.0,178.0,514.0,37.0,77.0,106.0,3.3987702173913044,1.0,1
46,102.0,-0.16,0.0283099533258931,75140978.0,8000000.0,72.503,407.0,12387.0,11330.0,280.0,613.0,50.0,83.0,97.0,7.882540768354138,1.0,1
47,39.0,-1.0,0.0027190288727909386,32948378.0,7200000.0,103.833,223.0,5079.0,4700.0,104.0,292.0,29.0,60.0,76.0,4.576163611111111,1.0,1
48,116.0,-2.535,-0.02246402239096419,34760223.0,9300000.0,74.005,850.0,24307.0,22126.75,564.5,1292.875,144.375,244.875,282.5,3.7376583870967743,1.0,1
49,90.0,-0.29,0.03469512390660059,31600399.0,6286819.0,75.813,453.0,11688.0,10445.0,281.0,630.0,40.0,75.0,135.0,5.026452805464894,1.0,1
50,107.0,-0.79,0.015487112031121256,11901530.0,4000000.0,19.157,248.0,6630.0,5936.0,153.0,410.0,51.0,54.0,161.0,2.9753825000000003,1.0,1
51,93.0,-2.535,-0.059933231696355886,20587127.0,5500000.0,8.822000000000001,292.0,6340.0,5777.0,151.0,369.0,34.0,40.0,103.0,3.743114,1.0,1
52,117.0,0.62,0.002756461109020153,18156483.0,6700000.0,139.357,328.0,9472.0,8162.0,209.0,380.0,59.0,59.0,81.0,2.7099228358208958,1.0,0
53,86.0,-1.49,0.049754821648229856,29644831.0,9000000.0,20.719,449.0,14954.0,13497.0,312.0,819.0,99.0,98.0,189.0,3.293870111111111,1.0,1
54,254.375,0.35,0.05935342338506445,95288875.75,22329369.875,662.1277499999999,840.0,22107.0,19522.0,462.0,1292.875,128.0,244.875,282.5,5.460375069444446,1.0,0
55,77.0,-2.535,0.08987183041029774,22760415.0,6000000.0,103.833,267.0,6877.0,6211.0,154.0,450.0,35.0,51.0,85.0,3.7934025,1.0,1
56,90.0,2.225,-0.01458233982616616,35145253.0,9058450.0,662.1277499999999,476.0,13269.0,11798.0,302.0,459.0,102.0,75.0,155.0,3.8798307657491073,1.0,0
57,149.0,-1.63,-0.024693936868313008,8404958.0,2750000.0,1.9,270.0,6360.0,5780.0,146.0,356.0,63.0,38.0,72.0,3.0563483636363635,0.0,1
58,110.0,0.21,0.019299589342974183,79829804.0,800000.0,167.88400000000001,780.0,24307.0,22079.0,560.0,1173.0,124.0,157.0,282.5,7.882540768354138,1.0,0
59,238.0,-2.14,0.00430373527330501,95288875.75,22329369.875,662.1277499999999,783.0,21801.0,20113.0,498.0,1217.0,138.0,244.875,248.0,2.7586206896551726,1.0,1
60,67.0,-0.02,0.012708623146163443,50082900.0,9090900.0,32.978,547.0,13486.0,12249.0,331.0,714.0,64.0,84.0,175.0,5.509124509124509,1.0,1
61,59.0,-0.66,0.002046754742247154,15690374.0,5000000.0,389.962,517.0,13075.0,11937.0,320.0,759.0,100.0,167.0,189.0,3.1380748,1.0,1
62,149.0,-0.47,-0.012062164680420815,95288875.75,14000000.0,662.1277499999999,632.0,20576.0,18272.0,468.0,1006.0,115.0,162.0,166.0,7.882540768354138,1.0,1
63,147.0,-2.535,0.04638015077402592,22465088.0,16300000.0,103.833,180.0,4348.0,4183.0,100.0,221.0,9.0,37.0,60.0,1.3782262576687117,1.0,1
64,91.0,0.28,0.050890498603735436,87028093.0,16000000.0,259.295,850.0,24307.0,22126.75,564.5,1292.875,144.375,244.875,282.5,5.4392558125,1.0,0
65,254.375,0.46,0.01076544990065678,33785359.0,12500000.0,311.502,548.0,12533.0,11201.0,292.0,650.0,76.0,127.0,126.0,2.70282872,1.0,0
66,105.0,-2.09,0.00549637470275211,25168917.0,5500000.0,92.478,388.0,10337.0,9215.0,240.0,552.0,33.0,56.0,89.0,4.576166727272726,1.0,1
67,238.0,-2.535,0.019731083271667373,41371982.0,13000000.0,75.436,594.0,15381.0,13806.0,347.0,768.0,48.0,152.0,178.0,3.1824601538461534,1.0,1
68,83.0,0.16,-0.061579848740387674,57119068.0,10700000.0,176.62400000000002,387.0,10581.0,9530.0,264.0,539.0,32.0,101.0,125.0,5.338230654205606,1.0,0
69,111.0,0.18,0.03611721593918047,19250000.0,10000000.0,311.709,467.0,11002.0,9842.0,267.0,555.0,77.0,99.0,124.0,1.925,1.0,0
70,77.0,0.46,0.010983105662161895,19551642.0,7482000.0,213.672,356.0,9137.0,8186.0,214.0,365.0,49.0,52.0,95.0,2.613157177225341,1.0,0
71,177.0,-2.535,0.05152653250039664,26375037.0,5000000.0,60.169,619.0,16546.0,15111.0,394.0,943.0,47.0,123.0,191.0,5.2750074,1.0,1
72,96.0,-0.34,0.018065909915302072,6988392.0,3200000.0,37.811,298.0,7231.0,6423.0,196.0,270.0,30.0,48.0,97.0,2.1838724999999997,0.0,1
73,214.0,0.63,0.03228429921272611,64145000.0,13500000.0,143.062,334.0,8894.0,8060.0,218.0,469.0,33.0,107.0,98.0,4.751481481481481,0.0,0
74,215.0,2.225,-0.03834154622795221,23043862.0,4500000.0,72.992,479.0,11080.0,9905.0,247.0,576.0,39.0,113.0,146.0,5.120858222222221,1.0,0
75,118.0,0.18,0.019835982850230017,26359127.0,13500000.0,559.54,391.0,9391.0,8434.0,219.0,422.0,57.0,80.0,94.0,1.9525279259259256,1.0,0
76,93.0,0.13,0.010500794785178772,62871119.0,10100000.0,662.1277499999999,467.0,16360.0,13826.0,351.0,742.0,61.0,77.0,250.0,6.224863267326733,1.0,0
77,79.0,-0.26,0.0111853044880828,44596230.0,10000000.0,22.65,405.0,9017.0,8307.0,214.0,458.0,58.0,100.0,122.0,4.459623000000001,1.0,1
78,254.375,-0.7,-0.016128119258393494,14447138.0,1100000.0,103.833,374.0,11812.0,10743.0,242.0,515.0,50.0,92.0,100.0,7.882540768354138,0.0,1
79,93.0,-1.68,0.003353816539135266,19410836.0,5000000.0,103.833,319.0,9399.0,8613.0,195.0,616.0,70.0,74.0,143.0,3.8821672,1.0,1
80,188.0,-0.03,0.0033405857511660856,32500000.0,5250000.0,103.833,250.0,6792.0,6380.0,167.0,341.0,35.0,50.0,119.0,6.190476190476191,1.0,1
81,91.0,0.44,-0.057978474493747614,95288875.75,22329369.875,1.94,605.0,20037.0,17715.0,449.0,1215.0,144.375,244.875,148.0,5.3219536,1.0,0
82,254.375,0.9,-0.04570137324679128,5047473.0,2160000.0,148.224,280.0,6364.0,5625.0,141.0,305.0,30.0,66.0,89.0,2.3367930555555554,0.0,0
83,124.0,0.84,0.02181132592841911,95288875.75,16000000.0,662.1277499999999,721.0,24307.0,22126.75,540.0,1292.875,131.0,244.875,282.5,7.4941354375,1.0,0
84,111.0,-0.28,-0.002117746190072883,25905010.0,5000000.0,24.568,557.0,13821.0,12524.0,326.0,772.0,54.0,79.0,142.0,5.181001999999999,1.0,1
85,198.0,-0.36,0.009750672113699626,7277250.0,3000000.0,8.235,464.0,13061.0,11992.0,286.0,774.0,55.0,128.0,148.0,2.42575,0.0,1
86,107.0,0.01,0.00912459122415893,27400178.0,7398703.5,103.833,538.0,12732.0,11126.0,301.0,631.0,94.0,172.0,116.0,3.70337559817068,1.0,0
87,91.0,-0.77,-0.02372061747056409,15567370.0,4600000.0,4.5169999999999995,382.0,8348.0,7626.0,177.0,519.0,48.0,88.0,89.0,3.384210869565217,1.0,1
88,118.0,1.22,0.0645993451786608,16646002.0,5000000.0,117.616,343.0,11441.0,9614.0,251.0,458.0,69.0,93.0,95.0,3.3292004,1.0,0
89,100.0,1.8,0.02105232914807478,15405683.0,5000000.0,198.834,379.0,10627.0,9495.0,253.0,477.0,74.0,100.0,105.0,3.0811366000000002,1.0,0
90,213.0,-0.79,0.05110289644713397,19067812.0,9500000.0,141.873,674.0,17968.0,15879.0,434.0,890.0,66.0,224.0,181.0,2.007138105263158,1.0,1
91,114.0,0.5,0.07222780488186492,53139723.0,13500000.0,218.29,446.0,11805.0,10764.0,279.0,620.0,35.0,132.0,111.0,3.9362757777777784,1.0,0
92,14.0,-0.21,-0.017173041723842902,18460000.0,5100000.0,21.873,348.0,8624.0,7620.0,197.0,376.0,46.0,77.0,81.0,3.619607843137255,0.0,1
93,93.0,0.32,0.0418707113204849,24717719.0,7500000.0,95.62299999999999,841.0,21926.0,19908.0,524.0,1292.875,71.0,181.0,239.0,3.2956958666666667,1.0,0
94,83.0,-2.535,-0.03041145779207778,21792260.0,5000000.0,0.36700000000000005,213.0,4951.0,4613.0,107.0,356.0,22.0,29.0,99.0,4.358452,1.0,1
95,97.0,0.1,0.033593111500030436,5000258.0,2000000.0,14.798,307.0,6993.0,6068.0,152.0,302.0,49.0,47.0,70.0,2.5001290000000003,0.0,0
96,182.0,-0.35,0.03382320623002174,9484296.0,9484296.0,64.482,514.0,21326.0,17574.0,396.0,889.0,139.0,110.0,198.0,1.0,1.0,1
97,71.0,0.32,-0.023035852320323243,7712116.0,3000000.0,96.10700000000001,301.0,6746.0,5723.0,155.0,338.0,21.0,77.0,53.0,2.570705333333333,0.0,0
98,88.0,0.03,-0.02372061747056409,18677672.0,6000000.0,12.231,456.0,10949.0,10098.0,246.0,515.0,30.0,92.0,115.0,3.112945333333333,0.0,0
99,96.0,0.26,-0.013719046092875624,21585906.0,10039216.0,662.1277499999999,500.0,13118.0,11870.0,306.0,738.0,80.0,146.0,181.0,2.150158538276296,1.0,0
100,94.0,0.99,0.030198862266011026,64771971.0,7812500.0,662.1277499999999,675.0,19188.0,17466.0,465.0,1191.0,120.0,146.0,192.0,7.882540768354138,1.0,0
101,139.0,-0.17,0.025837184637571037,15822975.0,5500000.0,103.833,155.0,3670.0,3291.0,78.0,211.0,10.0,20.0,64.0,2.8769045454545457,0.0,1
102,100.0,-0.27,0.024348418198384663,28045540.0,6000000.0,103.833,219.0,6176.0,5588.0,138.0,335.0,34.0,55.0,102.0,4.6742566666666665,1.0,1
103,58.0,-2.535,-0.013856032240963977,22488261.0,5000000.0,26.586,413.0,10936.0,9806.0,278.0,697.0,39.0,92.0,201.0,4.4976522,1.0,1
104,140.0,0.29,0.015247641034643978,18905040.0,4000000.0,22.488000000000003,303.0,7924.0,7112.0,184.0,467.0,63.0,78.0,76.0,4.72626,1.0,0
105,124.0,-0.62,0.05336382324753392,36297532.0,6328932.0,232.947,541.0,15241.0,13991.0,353.0,720.0,67.0,168.0,188.0,5.735174907867553,1.0,1
106,98.0,0.56,-0.010094639243490348,17108920.0,5800000.0,103.833,707.0,18547.0,16397.0,436.0,586.0,101.0,160.0,170.0,2.9498137931034485,1.0,0
107,91.0,-1.07,-0.07978998452796494,24000105.0,6250000.0,38.563,389.0,13094.0,10922.0,280.0,649.0,57.0,99.0,160.0,3.8400168,1.0,1
108,95.0,-0.46,0.05537992930521834,38566207.0,12000000.0,293.605,765.0,23527.0,21301.0,544.0,1292.875,120.0,202.0,271.0,3.213850583333333,1.0,1
109,170.0,-0.46,0.041111496865317,25583179.0,6132353.0,113.311,668.0,18177.0,16384.0,407.0,878.0,98.0,244.875,145.0,4.1718373029080364,1.0,1
110,72.0,-0.11,-0.024693936868313008,19262086.0,5358000.0,160.871,400.0,10224.0,8735.0,242.0,627.0,32.0,91.0,77.0,3.5950141843971632,1.0,1
111,93.0,-0.44,0.06085692819100021,95288875.75,22329369.875,662.1277499999999,502.0,14176.0,12830.0,328.0,1011.0,59.0,165.0,282.5,7.882540768354138,1.0,1
112,254.375,-0.93,0.002309869621072027,95288875.75,22000000.0,348.869,461.0,10824.0,9517.0,251.0,678.0,46.0,93.0,119.0,5.4368859090909085,1.0,1
113,254.375,0.01,0.009441568676369545,8540748.0,1200000.0,103.833,347.0,10344.0,9413.0,242.0,492.0,73.0,97.0,136.0,7.11729,0.0,0
114,79.0,-1.76,-0.058586673958785924,95288875.75,22329369.875,662.1277499999999,850.0,24307.0,22126.75,564.5,1292.875,144.375,244.875,270.0,3.17350542,1.0,1
115,107.0,0.01,0.00912459122415893,19367873.0,5000000.0,103.833,351.0,10352.0,9296.0,235.0,482.0,52.0,124.0,120.0,3.8735746,1.0,0
116,114.0,-1.12,0.04778088730408685,19768862.0,8400000.0,103.833,411.0,15449.0,13760.0,325.0,786.0,82.0,146.0,198.0,2.3534359523809525,0.0,1
117,79.0,0.1,0.03380491886864125,17632545.0,8500000.0,371.445,460.0,10470.0,9025.0,258.0,471.0,83.0,121.0,125.0,2.0744170588235296,1.0,0
118,254.375,-2.535,0.047564541326239926,23477907.0,5000000.0,6.6160000000000005,552.0,16370.0,14921.0,407.0,829.0,106.0,105.0,193.0,4.695581400000001,1.0,1
119,87.0,0.24600000000000002,-0.010885933923670295,55000000.0,22329369.875,662.1277499999999,549.0,14563.0,13072.0,373.0,754.0,134.0,109.0,130.0,1.3333333333333333,1.0,0
120,125.0,1.6,0.04154455600912957,41193526.0,18750000.0,506.305,473.0,13364.0,12112.0,312.0,713.0,85.0,208.0,215.0,2.196988053333333,1.0,0
121,70.0,-2.535,-0.013775441835218064,26113294.0,6000000.0,8.677999999999999,184.0,4372.0,3950.0,100.0,276.0,28.0,38.0,50.0,4.352215666666667,1.0,1
122,107.0,0.79,-0.039305049874703096,20666667.0,9000000.0,330.11800000000005,324.0,9268.0,8267.0,216.0,481.0,86.0,82.0,110.0,2.2962963333333333,1.0,0
123,107.0,2.225,0.00912459122415893,13243704.0,3350000.0,59.261,406.0,12065.0,11056.0,282.0,667.0,72.0,169.0,182.0,3.9533444776119397,1.0,0
124,137.0,0.26,-0.0028482541806786194,19391306.0,7500000.0,207.502,444.0,11520.0,10301.0,256.0,714.0,36.0,108.0,151.0,2.585507466666667,1.0,0
125,100.0,2.0,0.056994918380870514,31502000.0,22329369.875,662.1277499999999,656.0,129.0,18173.0,486.0,1135.0,77.0,229.0,219.0,1.0294771241830063,1.0,0
126,98.0,0.33,-0.009069643520976828,20122971.0,8300000.0,519.023,520.0,14111.0,12212.0,357.0,555.0,87.0,74.0,105.0,2.4244543373493976,1.0,0
127,254.375,0.1,-0.02246402239096419,25976602.0,8950000.0,388.556,441.0,10174.0,8833.0,243.0,464.0,59.0,80.0,81.0,2.9024136312849156,1.0,0
128,79.0,-2.535,-0.04592827797495853,95288875.75,22329369.875,100.181,579.0,14175.0,12724.0,327.0,762.0,64.0,147.0,175.0,5.555218166666666,1.0,1
129,100.0,-0.44,0.04437081598735093,29671309.0,6000000.0,23.333000000000002,547.0,13649.0,12553.0,314.0,711.0,57.0,144.0,147.0,4.945218166666667,1.0,1
130,37.0,0.24,0.03380491886864125,30176058.0,14500000.0,502.6,444.0,11249.0,10105.0,273.0,579.0,71.0,104.0,168.0,2.0811074482758616,1.0,0
131,226.0,-1.79,0.059454155167011566,29687510.0,15666666.0,269.608,817.0,21885.0,19296.0,531.0,1080.0,94.0,244.875,183.0,1.894947527444576,1.0,1
132,94.0,-0.13,0.016442651117707995,16505470.0,5132728.0,63.086000000000006,639.0,16242.0,14886.0,380.0,808.0,78.0,134.0,198.0,3.2157305043244064,0.0,1
133,77.0,-2.535,0.013148883711569307,26675374.0,6000000.0,103.833,201.0,4914.0,4435.0,118.0,322.0,38.0,37.0,65.0,4.445895666666667,1.0,1
134,133.0,0.14,0.008014169559762604,78000000.0,18000000.0,32.179,419.0,10764.0,9856.0,259.0,643.0,-1.0,97.0,134.0,4.333333333333333,1.0,0
135,112.0,-1.89,-0.006455284788673374,24800441.0,6000000.0,14.344000000000001,337.0,7944.0,7063.0,178.0,471.0,71.0,68.0,75.0,4.133406833333333,1.0,1
136,190.0,-0.35,0.008465131972944255,17517723.0,5300000.0,33.873000000000005,446.0,13076.0,11561.0,292.0,641.0,38.0,118.0,150.0,3.305230754716981,1.0,1
137,63.0,0.13,-0.0035916357394070756,22412040.0,4150000.0,378.525,462.0,13073.0,11606.0,295.0,644.0,53.0,153.0,169.0,5.400491566265059,0.0,0
138,83.0,-1.15,0.03789430732969007,31688068.0,6000000.0,103.833,204.0,5329.0,4918.0,124.0,303.0,25.0,90.0,101.0,5.281344666666667,1.0,1
139,64.0,-1.13,0.06947587823623698,22642128.0,4500000.0,103.833,132.0,3752.0,3440.0,94.0,257.0,13.0,45.0,65.0,5.031584,1.0,1
140,126.0,1.05,-0.00670254782597516,16020154.0,7058870.0,320.732,600.0,17001.0,15198.0,386.0,819.0,62.0,129.0,158.0,2.2695068757464014,1.0,0
141,254.375,0.28,0.044272134313262886,23484039.0,5000000.0,35.075,398.0,9214.0,8205.0,218.0,492.0,35.0,53.0,137.0,4.6968078,1.0,0
142,203.0,1.16,0.00895365761153808,70508690.0,22329369.875,662.1277499999999,503.0,13988.0,12358.0,292.0,722.0,62.0,122.0,172.0,2.711872692307692,1.0,0
143,91.0,-2.535,-0.014905424266206996,9449337.0,3500000.0,2.056,326.0,7983.0,7197.0,185.0,390.0,22.0,64.0,90.0,2.6998105714285714,0.0,1
144,23.0,-0.45,-0.011281887075742946,24492427.0,6500000.0,164.044,578.0,13819.0,12325.0,338.0,747.0,46.0,153.0,156.0,3.768065692307693,1.0,1
145,254.375,0.43,0.00314882531779097,27282235.0,6250000.0,587.899,391.0,9798.0,8599.0,239.0,474.0,75.0,104.0,120.0,4.365157599999999,1.0,0
146,93.0,0.38,6.118775639270778e-05,16247115.0,8850000.0,32.82,461.0,13124.0,11673.0,291.0,637.0,28.0,210.0,166.0,1.8358322033898304,1.0,0
147,177.0,0.26,-0.015121373258590741,38272247.0,9900000.0,108.581,399.0,9581.0,8564.0,219.0,487.0,60.0,96.0,114.0,3.865883535353536,1.0,0
148,11.0,0.24,0.049754821648229856,13500000.0,13500000.0,16.87,271.0,7059.0,6572.0,157.0,382.0,26.0,69.0,91.0,1.0,1.0,0
149,100.0,-2.535,0.026627414345186208,10598319.0,3709090.0,0.493,240.0,5857.0,5358.0,126.0,297.0,27.0,52.0,100.0,2.857390626811428,0.0,1
150,254.375,-0.2,0.04356371060724448,10833611.0,5300000.0,50.556000000000004,473.0,12416.0,10835.0,296.0,651.0,86.0,127.0,115.0,2.0440775471698114,1.0,1
151,17.0,0.19,0.017113521083632423,27270000.0,7700000.0,18.324,680.0,17884.0,16256.0,427.0,842.0,108.0,133.0,167.0,3.5415584415584416,1.0,0
152,35.0,0.87,0.03113477157157728,33366250.0,6660000.0,259.671,628.0,18818.0,17076.0,437.0,1003.0,112.0,155.0,234.0,5.009947447447448,1.0,0
153,89.0,-0.29,0.05063222853902577,27085362.0,6700000.0,27.552,364.0,9528.0,8599.0,235.0,475.0,38.0,51.0,84.0,4.042591343283582,1.0,1
154,96.0,0.7,0.05436796021880253,6830767.0,2307692.0,76.58800000000001,238.0,7439.0,5979.0,147.0,358.0,33.0,38.0,54.0,2.959999427999924,0.0,0
155,79.0,0.62,0.04161250286003572,11995000.0,3850000.0,157.19799999999998,379.0,8656.0,7826.0,201.0,393.0,34.0,54.0,111.0,3.1155844155844155,1.0,0
156,76.0,0.29,-0.02780558531861782,16988751.0,9250000.0,287.579,448.0,11504.0,10115.0,252.0,593.0,91.0,116.0,152.0,1.8366217297297296,1.0,0
157,254.375,2.22,0.0009944971818087848,83141291.0,20000000.0,662.1277499999999,850.0,24307.0,22126.75,564.5,1292.875,144.375,244.875,282.5,4.15706455,1.0,0
158,101.0,0.27,-0.0464621559185416,72499911.0,20887107.0,198.29,475.0,13415.0,11775.0,299.0,685.0,44.0,120.0,129.0,3.4710365107049053,1.0,0
159,120.0,0.52,0.01076544990065678,10242877.0,5000000.0,41.633,357.0,10058.0,8948.0,235.0,483.0,46.0,60.0,93.0,2.0485754000000003,1.0,0
160,93.0,-2.535,-0.03041145779207778,26845343.0,6900000.0,10.577,246.0,6263.0,5637.0,140.0,389.0,54.0,48.0,84.0,3.890629420289855,1.0,1
161,85.0,-2.535,0.04946365377677967,95288875.75,1811313.0,662.1277499999999,488.0,15252.0,13819.0,365.0,709.0,111.0,244.875,197.0,7.882540768354138,1.0,1
162,127.0,-0.19,-0.006315604699400098,20502757.0,7500000.0,40.71,501.0,14090.0,12203.0,327.0,728.0,55.0,94.0,129.0,2.733700933333333,1.0,1
163,119.0,-0.16,-0.036967158416258285,5056607.0,2200000.0,1.5719999999999998,372.0,8565.0,7930.0,197.0,449.0,45.0,39.0,112.0,2.298457727272728,0.0,1
164,218.0,0.23,-0.005558980159684734,60750000.0,22329369.875,662.1277499999999,510.0,14060.0,12402.0,331.0,744.0,71.0,76.0,144.0,2.43,1.0,0
165,186.0,-1.08,-0.05097464568124585,39500993.0,4920000.0,105.311,850.0,24307.0,22126.75,564.5,1292.875,119.0,178.0,153.0,7.882540768354138,0.0,1
166,89.0,-0.08,-0.008561623058511695,51772816.0,7390000.0,46.434,415.0,12424.0,11126.0,289.0,627.0,37.0,90.0,141.0,7.0057937753721236,1.0,1
167,252.0,2.225,0.033648959575388014,25666667.0,10166667.0,243.446,326.0,9669.0,8658.0,212.0,420.0,67.0,69.0,103.0,2.5245901139478653,1.0,0
168,114.0,-0.24,-0.003240929708257981,24769197.0,9375000.0,304.558,395.0,11536.0,9980.0,243.0,599.0,63.0,115.0,141.0,2.64204768,1.0,1
169,69.0,-2.535,-0.07978998452796494,15028162.0,22329369.875,256.445,635.0,20533.0,18099.0,506.0,1116.0,49.0,73.0,128.0,0.2832230556912897,1.0,1
170,85.0,0.01,-0.003981063940780011,95288875.75,22329369.875,662.1277499999999,808.0,21623.0,19603.0,498.0,1292.875,144.375,232.0,282.5,7.882540768354138,1.0,0
171,105.0,0.11,0.04846885250614673,61960992.0,16700000.0,83.65799999999999,645.0,17335.0,15534.0,406.0,1017.0,76.0,195.0,211.0,3.710239041916168,1.0,0
172,140.0,0.01,0.02538328073525964,33431417.0,9100000.0,33.047,439.0,11526.0,10498.0,267.0,715.0,46.0,93.0,126.0,3.673782087912088,1.0,0
173,85.0,0.19,-0.005558980159684734,49389869.0,10000000.0,662.1277499999999,489.0,11759.0,10425.0,279.0,580.0,46.0,58.0,114.0,4.938986900000001,1.0,0
174,90.0,0.47,0.020089649378692197,95288875.75,22329369.875,289.041,500.0,15288.0,14243.0,360.0,912.0,69.0,122.0,165.0,3.5404412727272727,1.0,0
175,98.0,-0.81,-0.05328217125439354,25110974.0,13456522.0,111.64299999999999,691.0,21187.0,18377.0,485.0,1044.0,45.0,192.0,236.0,1.8660820381373435,1.0,1
176,77.0,-0.1,-0.03751629906765014,26188505.0,6000000.0,32.539,510.0,14346.0,12184.0,306.0,689.0,60.0,96.0,282.5,4.364750833333333,1.0,1
177,173.0,0.01,0.014041837854611824,81964617.0,8900000.0,103.833,797.0,22667.0,20515.0,549.0,1200.0,95.0,165.0,282.5,7.882540768354138,1.0,0
178,72.0,1.05,0.02312823138279143,7572273.0,1500906.0,0.099,390.0,12337.0,10849.0,283.0,599.0,51.0,128.0,96.0,5.0451347386178735,0.0,0
179,118.0,2.225,0.05757457296364237,14658351.0,6000000.0,359.68300000000005,274.0,6475.0,5603.0,130.0,310.0,25.0,40.0,62.0,2.4430585,1.0,0
180,84.0,0.22,-0.00021042127293830208,95288875.75,22250000.0,577.135,436.0,13641.0,12250.0,333.0,664.0,95.0,234.0,164.0,5.410859011235955,1.0,0
181,70.0,2.225,0.058521117085336576,87425000.0,22329369.875,662.1277499999999,850.0,22922.0,20861.0,548.0,1065.0,144.375,244.875,282.5,2.44785104297914,1.0,0
182,91.0,-0.11,-0.019651975924335503,68653626.0,22329369.875,662.1277499999999,429.0,10346.0,8914.0,260.0,462.0,38.0,55.0,109.0,2.8343583205119627,1.0,1
183,81.0,0.58,0.015487112031121256,85444887.0,22329369.875,662.1277499999999,579.0,14710.0,12556.0,325.0,656.0,89.0,119.0,123.0,3.1646254444444444,1.0,0
184,119.0,-2.535,0.023492497110513436,17240363.0,7500000.0,103.833,382.0,12420.0,11400.0,286.0,755.0,57.0,102.0,175.0,2.2987150666666665,1.0,1
185,77.0,-2.535,-0.004839837912175111,18773283.0,7850000.0,418.983,487.0,12049.0,10785.0,279.0,562.0,83.0,173.0,112.0,2.3915010191082797,0.0,1
186,107.0,-0.149,0.006842770621949718,41865167.0,14062500.0,662.1277499999999,467.0,13273.0,11870.0,296.0,613.0,64.0,88.0,119.0,2.9770785422222223,1.0,1
187,76.0,0.99,0.04401094690851535,13097313.0,3840000.0,41.056000000000004,339.0,8274.0,7487.0,204.0,421.0,49.0,95.0,70.0,3.41075859375,0.0,0
188,118.0,-2.535,-0.0006468979863711416,23673756.0,6000000.0,0.826,186.0,4849.0,4306.0,117.0,356.0,55.0,44.0,124.0,3.9456260000000003,1.0,1
189,107.0,1.08,0.045262646375410436,9375053.0,9375000.0,114.29899999999999,511.0,14805.0,13480.0,357.0,750.0,69.0,93.0,154.0,1.0000056533333332,1.0,0
190,197.0,0.61,-0.0173493970743838,83679691.0,22173000.0,224.299,310.0,8124.0,7223.0,182.0,414.0,60.0,76.0,63.0,3.773945384025617,1.0,0
191,99.0,-2.44,0.010983105662161895,95288875.75,22329369.875,300.986,410.0,12454.0,11708.0,294.0,654.0,57.0,63.0,115.0,3.6254126551724135,1.0,1
192,244.0,-0.05,0.030940585942283706,27997970.0,5500000.0,56.547,592.0,15406.0,14065.0,367.0,840.0,76.0,96.0,182.0,5.09054,1.0,1
193,98.0,2.225,0.0063111258475112494,12844748.0,4100000.0,81.138,334.0,8295.0,7392.0,202.0,364.0,33.0,49.0,92.0,3.1328653658536587,1.0,0
194,72.0,-0.88,-0.004151915958176803,25186761.0,4700000.0,103.833,153.0,3467.0,3225.0,77.0,204.0,14.0,30.0,52.0,5.3588853191489365,1.0,1
195,58.0,0.87,-0.0266422234473113,31375050.0,6455918.0,89.62799999999999,821.0,21505.0,19210.0,535.0,979.0,144.375,230.0,198.0,4.859889794139268,1.0,0
196,93.0,0.58,0.03156724266362676,27420404.0,5000000.0,130.688,581.0,14932.0,13665.0,332.0,876.0,107.0,76.0,140.0,5.4840808,1.0,0
197,254.375,0.13,-0.002712191788526248,21493655.0,5700000.0,202.808,489.0,12532.0,10798.0,304.0,657.0,42.0,48.0,137.0,3.7708166666666663,1.0,0
198,171.0,1.78,0.00944825402994243,27703357.0,12500000.0,13.737,406.0,10628.0,9853.0,250.0,584.0,59.0,92.0,122.0,2.21626856,1.0,0
199,120.0,-0.59,-0.011181452773144654,42329043.0,15000000.0,662.1277499999999,619.0,129.0,19153.0,474.0,1108.0,104.0,224.0,253.0,2.8219362,1.0,1
200,254.375,0.47,-0.002712191788526248,95288875.75,20000000.0,662.1277499999999,551.0,14707.0,13485.0,354.0,746.0,92.0,162.0,172.0,6.98851385,1.0,0
201,132.0,0.23,0.019835982850230017,42574474.0,15000000.0,242.327,443.0,10979.0,10149.0,265.0,599.0,70.0,80.0,106.0,2.8382982666666665,1.0,0
202,79.0,0.53,-0.010369428156983829,20641535.0,6500000.0,63.477,396.0,11277.0,9497.0,253.0,542.0,69.0,73.0,110.0,3.1756207692307687,1.0,0
203,107.0,2.225,0.00912459122415893,7887885.0,1700000.0,12.999,224.0,6146.0,5551.0,154.0,386.0,29.0,52.0,140.0,4.639932352941177,1.0,0
204,254.375,-0.19,0.017348745653835332,32037514.0,800000.0,71.348,582.0,20386.0,17076.0,438.0,1041.0,101.0,121.0,204.0,7.882540768354138,1.0,1
205,254.375,0.12,0.026555255526722457,88487776.0,22329369.875,662.1277499999999,488.0,17328.0,14433.0,369.0,912.0,95.0,113.0,205.0,3.733661434599156,1.0,0
206,82.0,-0.74,0.006385606555695641,19632992.0,5000000.0,45.802,466.0,11312.0,10263.0,280.0,583.0,46.0,89.0,132.0,3.9265983999999996,1.0,1
207,254.375,-0.82,0.038019996703800685,39290870.0,8969697.0,149.523,383.0,14271.0,12232.0,263.0,817.0,59.0,115.0,217.0,4.3804010324986455,1.0,1
208,179.0,0.55,-0.01238272736361786,20446380.0,4000000.0,358.574,649.0,17598.0,15758.0,419.0,793.0,76.0,145.0,221.0,5.1115949999999994,0.0,0
209,135.0,0.4,0.03047147241511062,16836561.0,4000000.0,41.706,530.0,16561.0,15145.0,383.0,780.0,144.375,87.0,183.0,4.20914025,1.0,0
210,133.0,-0.1,0.0400947259947003,67614775.0,8000000.0,41.471000000000004,467.0,12465.0,11251.0,290.0,680.0,41.0,119.0,151.0,7.882540768354138,1.0,1
211,125.0,-0.03,0.04110381750255497,30795117.0,7000000.0,77.92399999999999,404.0,11624.0,10574.0,262.0,628.0,53.0,99.0,127.0,4.399302428571429,1.0,1
212,243.0,1.08,0.04946365377677967,41125981.0,6000000.0,334.528,406.0,13908.0,11475.0,293.0,759.0,100.0,108.0,142.0,6.854330166666666,1.0,0
213,201.0,0.17,0.014589883564370137,22282384.0,5360000.0,103.988,712.0,17064.0,15524.0,404.0,868.0,76.0,132.0,181.0,4.157161194029851,1.0,0
214,92.0,0.12,-0.039427182272424366,47917474.0,14000000.0,35.414,441.0,11236.0,9986.0,272.0,586.0,38.0,66.0,129.0,3.422676714285714,1.0,0
215,107.0,0.01,0.00912459122415893,9602340.0,9602340.0,103.833,521.0,12812.0,11190.0,285.0,545.0,72.0,60.0,121.0,1.0,1.0,0
216,174.0,-2.535,-0.04017284790046339,16309113.0,5000000.0,103.833,269.0,6939.0,6268.0,154.0,364.0,19.0,72.0,94.0,3.2618226000000003,1.0,1
217,107.0,2.225,0.00912459122415893,43857412.0,7000000.0,109.336,444.0,12045.0,10785.0,279.0,624.0,60.0,100.0,134.0,6.265344571428572,1.0,0
218,72.0,-2.535,0.012479814606479392,48909653.0,11765000.0,86.334,577.0,14667.0,13105.0,350.0,857.0,83.0,183.0,154.0,4.157216574585634,1.0,1
219,254.375,0.8,0.03158121781594317,13193161.0,6250000.0,37.907,584.0,17934.0,16566.0,409.0,950.0,129.0,151.0,178.0,2.11090576,0.0,0
220,76.0,-0.14,0.05110289644713397,30439451.0,10300000.0,49.63399999999999,487.0,13425.0,11924.0,322.0,795.0,63.0,141.0,171.0,2.9552865048543686,1.0,1
221,254.375,0.26,0.035887402851303866,27338676.0,5000000.0,73.954,534.0,13599.0,12071.0,312.0,724.0,69.0,112.0,188.0,5.4677352,1.0,0
222,86.0,-0.34,-0.03718971511231524,88735895.0,16000000.0,662.1277499999999,561.0,18863.0,16404.0,402.0,896.0,108.0,180.0,174.0,5.5459934375,1.0,1
223,140.0,-1.77,-0.014565682221295203,38535063.0,6500000.0,41.419,186.0,4936.0,4482.0,99.0,306.0,46.0,34.0,76.0,5.92847123076923,1.0,1
224,76.0,0.59,0.017113521083632423,13706376.0,7500000.0,78.706,388.0,10728.0,9590.0,247.0,554.0,56.0,83.0,125.0,1.8275168000000002,1.0,0
225,241.0,-0.02,-0.041430293245650736,35111532.0,12500000.0,48.672,537.0,17295.0,14589.0,353.0,731.0,45.0,159.0,159.0,2.80892256,1.0,1
226,107.0,0.47,-0.07978998452796494,95288875.75,22329369.875,662.1277499999999,604.0,16954.0,15686.0,402.0,833.0,111.0,105.0,209.0,5.075770216011843,1.0,0
227,111.0,1.73,0.02059574803800171,44392433.0,22329369.875,662.1277499999999,552.0,14365.0,13005.0,318.0,805.0,99.0,188.0,162.0,1.8802385853451928,1.0,0
228,254.375,-2.535,0.04943393010665701,26724598.0,5000000.0,345.99699999999996,703.0,20955.0,18596.0,484.0,1148.0,123.0,229.0,182.0,5.3449196,0.0,1
229,92.0,-0.41,-0.05263816056638923,77809084.0,12300000.0,36.216,404.0,14611.0,12408.0,313.0,649.0,61.0,110.0,162.0,6.325941788617886,1.0,1
230,135.0,-0.04,-0.04436262175280906,23113892.0,5770000.0,44.926,522.0,14385.0,13042.0,341.0,747.0,67.0,149.0,174.0,4.005873830155979,1.0,1
231,92.0,0.13,0.023492497110513436,53964948.0,9615384.0,197.18900000000002,491.0,12691.0,11477.0,304.0,530.0,68.0,77.0,151.0,5.612354951190717,1.0,0
232,244.0,1.13,0.0552387875374565,78719146.0,12675000.0,354.07300000000004,707.0,18639.0,16376.0,434.0,1013.0,75.0,154.0,184.0,6.210583510848126,1.0,0
233,46.0,0.08,-0.011098404275872215,34418867.0,7812500.0,92.31700000000001,644.0,23894.0,21072.0,500.0,1292.875,144.375,218.0,282.5,4.405614976,1.0,0
234,217.0,0.93,-0.0014126500501653585,33743709.0,8500000.0,441.099,528.0,15723.0,13895.0,352.0,742.0,73.0,145.0,141.0,3.9698481176470586,1.0,0
235,137.0,0.27,-0.0038625301630184,10966612.0,2500000.0,14.685,250.0,7858.0,6364.0,168.0,370.0,49.0,72.0,66.0,4.3866448,0.0,0
236,62.0,-2.08,0.005860839623049092,22234426.0,5000000.0,103.833,347.0,8425.0,7702.0,194.0,464.0,50.0,79.0,147.0,4.4468852,1.0,1
237,76.0,-0.34,0.010983105662161895,22088321.0,4500000.0,2.585,238.0,5333.0,4809.0,127.0,304.0,30.0,44.0,62.0,4.908515777777779,1.0,1
238,94.0,0.24,0.01976938067024998,43525820.0,10000000.0,79.367,589.0,20652.0,17627.0,437.0,916.0,93.0,149.0,208.0,4.352582,1.0,0
239,254.375,0.91,-0.006417682468154485,34925432.0,22329369.875,262.843,518.0,11280.0,9863.0,246.0,636.0,52.0,117.0,100.0,1.39701728,1.0,0
240,104.0,-2.535,-0.01910244342436604,95288875.75,22329369.875,662.1277499999999,850.0,24307.0,22126.75,564.5,1292.875,144.375,244.875,282.5,5.513990643678161,1.0,1
241,140.0,-0.09,0.042603241797504535,69387276.0,20000000.0,48.063,552.0,16842.0,15075.0,409.0,785.0,97.0,187.0,200.0,3.4693638,1.0,1
242,100.0,0.58,-0.024071643443847882,19382880.0,6500000.0,58.015,379.0,9337.0,8514.0,219.0,514.0,43.0,70.0,125.0,2.9819815384615387,1.0,0
243,78.0,0.01,0.006385606555695641,29016591.0,15407693.0,397.06,486.0,16280.0,13922.0,350.0,674.0,48.0,73.0,112.0,1.8832534500784768,1.0,0
244,100.0,0.055,0.06748534626612396,64393969.0,12500000.0,211.791,572.0,15728.0,14270.0,376.0,777.0,90.0,131.0,189.0,5.15151752,1.0,0
245,113.0,0.29,0.0009944971818087848,19869771.0,7033816.0,92.40899999999999,334.0,9107.0,8103.0,222.0,381.0,57.0,82.0,97.0,2.8248920642791906,0.0,0
246,83.0,0.19,-0.05328217125439354,95288875.75,22329369.875,617.977,641.0,15238.0,13795.0,360.0,727.0,92.0,113.0,184.0,5.8482648298506845,1.0,0
247,38.0,0.01,-0.019194814550172485,14000000.0,8000000.0,103.833,386.0,10343.0,9280.0,233.0,364.0,49.0,58.0,94.0,1.75,0.0,0
248,181.0,-2.535,0.029860707346193963,24640360.0,7150000.0,16.396,522.0,16504.0,14728.0,367.0,888.0,89.0,140.0,174.0,3.446204195804196,1.0,1
249,59.0,0.05,0.027548650055080844,68889837.0,22329369.875,662.1277499999999,326.0,7535.0,6811.0,171.0,455.0,43.0,84.0,93.0,2.9278181676540904,1.0,0
250,188.0,0.05,0.045262646375410436,35877570.0,7500000.0,312.796,473.0,12699.0,11422.0,2.5,693.0,84.0,112.0,123.0,4.783676,1.0,0
251,73.0,2.225,0.041253540387578766,10636436.0,3950000.0,99.63,449.0,10493.0,9526.0,275.0,435.0,108.0,76.0,105.0,2.6927686075949366,1.0,0
252,76.0,-1.03,-0.024693936868313008,24367432.0,5016722.0,0.327,315.0,7546.0,6755.0,183.0,344.0,48.0,45.0,73.0,4.857241840389003,1.0,1
253,127.0,2.225,0.03942151419367548,50000000.0,12000000.0,662.1277499999999,279.0,7458.0,6620.0,163.0,372.0,62.0,108.0,71.0,4.166666666666667,1.0,0
254,73.0,0.19,0.038019996703800685,62863166.0,22329369.875,66.471,517.0,16152.0,14728.0,365.0,855.0,59.0,87.0,128.0,2.675028340425532,1.0,0
255,93.0,-0.43,0.017658788652279187,28437885.0,7300000.0,46.166000000000004,600.0,17913.0,15413.0,380.0,865.0,78.0,169.0,225.0,3.895600684931507,1.0,1
256,97.0,0.13,0.02312823138279143,18703086.0,5357143.0,438.135,385.0,12828.0,0.0,286.0,591.0,79.0,89.0,181.0,3.491242626900197,1.0,0
257,127.0,0.67,-0.0010333903498208519,90388441.0,8333333.0,331.478,398.0,11665.0,10563.0,271.0,627.0,68.0,139.0,145.0,7.882540768354138,1.0,0
258,77.0,-0.04,-0.03686673336937319,37614021.0,5000000.0,41.98,504.0,11591.0,10586.0,270.0,658.0,69.0,155.0,131.0,7.5228042,1.0,1
259,76.0,-2.535,-0.008501908788810792,13363175.0,5725000.0,357.441,249.0,5951.0,5368.0,150.0,270.0,63.0,52.0,71.0,2.33417903930131,1.0,1
260,70.0,-1.7,0.004195599746942382,11723512.0,4600000.0,0.9990000000000001,275.0,7435.0,6629.0,179.0,390.0,56.0,97.0,73.0,2.5485895652173918,0.0,1
261,104.0,-1.39,0.0502573584765036,25809078.0,6000000.0,0.623,469.0,14556.0,13287.0,338.0,795.0,60.0,144.0,203.0,4.301513,1.0,1
262,114.0,0.66,-0.05411991916838179,65578790.0,18750000.0,588.248,566.0,15862.0,14098.0,350.0,738.0,89.0,191.0,156.0,3.4975354666666667,1.0,0
263,93.0,0.3,-0.03722228311578906,15472676.0,6000000.0,323.79400000000004,449.0,11800.0,10541.0,285.0,459.0,65.0,117.0,112.0,2.5787793333333333,1.0,0
264,112.0,0.77,-0.026448766740728977,95288875.75,19605052.0,662.1277499999999,481.0,13451.0,12143.0,322.0,673.0,69.0,87.0,162.0,7.882540768354138,1.0,0
265,155.0,-0.57,0.008862654741110488,95288875.75,22329369.875,662.1277499999999,653.0,16101.0,14740.0,393.0,920.0,111.0,118.0,170.0,7.882540768354138,1.0,1
266,108.0,0.23,-0.00635224375195689,70375494.0,7500000.0,127.147,759.0,18196.0,16262.0,397.0,959.0,85.0,228.0,173.0,7.882540768354138,1.0,0
267,214.0,0.01,0.052040849972570837,18288454.0,7000000.0,103.833,688.0,19260.0,17088.0,502.0,1066.0,133.0,205.0,231.0,2.6126362857142857,0.0,0
268,107.0,0.01,0.00912459122415893,48854155.0,7000000.0,103.833,631.0,19479.0,17409.0,451.0,976.0,71.0,244.875,155.0,6.979164999999999,1.0,0
269,78.0,0.18,0.056994918380870514,9036432.0,4600000.0,189.426,409.0,11586.0,10406.0,275.0,483.0,58.0,78.0,111.0,1.9644417391304347,0.0,0
270,85.0,-2.535,0.013148883711569307,16238296.0,3700000.0,103.833,212.0,5549.0,5001.0,121.0,350.0,27.0,59.0,104.0,4.388728648648649,0.0,1
271,111.0,-2.535,-0.023438007501532743,24592753.0,5400000.0,103.833,194.0,4711.0,4288.0,100.0,321.0,29.0,50.0,107.0,4.554213518518519,1.0,1
272,89.0,0.08,-0.014063666503357755,22060015.0,5000000.0,39.505,543.0,12153.0,10981.0,282.0,701.0,44.0,177.0,112.0,4.4120029999999995,1.0,0
273,202.0,1.18,0.04916280160245258,27846584.0,6666667.0,89.839,368.0,9715.0,8919.0,239.0,579.0,95.0,74.0,106.0,4.1769873911506314,1.0,0
274,91.0,-0.24,0.0020075989510756733,15619290.0,5000000.0,24.018,408.0,11031.0,10081.0,264.0,615.0,63.0,125.0,129.0,3.1238580000000002,1.0,1
275,78.0,2.225,-0.0272555787559859,95288875.75,22329369.875,662.1277499999999,419.0,11705.0,10268.0,266.0,539.0,54.0,244.875,133.0,4.082449286846277,1.0,0
276,254.375,0.68,-0.032710695501986374,10448290.0,1914000.0,89.734,255.0,7089.0,6206.0,154.0,304.0,30.0,61.0,66.0,5.458876698014629,1.0,0
277,109.0,0.01,-0.0038625301630184,36429516.0,10937500.0,600.21,628.0,13202.0,11872.0,302.0,615.0,72.0,153.0,121.0,3.3306986057142858,1.0,0
278,89.0,-1.75,-0.00860636833200647,9533764.0,3500000.0,3.25,279.0,6061.0,5315.0,137.0,299.0,17.0,50.0,65.0,2.723932571428572,1.0,1
279,111.0,0.01,0.007191348327184309,30242850.0,9200000.0,103.833,494.0,12518.0,11207.0,297.0,603.0,49.0,103.0,135.0,3.2872663043478263,1.0,0
280,93.0,0.69,0.036830796877746964,32241600.0,9375000.0,662.1277499999999,402.0,9827.0,9062.0,229.0,646.0,63.0,77.0,87.0,3.439104,1.0,0
281,177.0,0.97,-0.04986259667304091,11221898.0,4375000.0,58.097,364.0,9716.0,8724.0,229.0,448.0,63.0,71.0,99.0,2.565005257142857,1.0,0
282,78.0,0.52,0.059454155167011566,27883985.0,4500000.0,61.67100000000001,384.0,9162.0,8336.0,206.0,504.0,54.0,68.0,110.0,6.196441111111112,1.0,0
283,98.0,0.16,-0.01269239188194706,27028875.0,6425000.0,43.95,379.0,9015.0,7919.0,201.0,441.0,48.0,71.0,103.0,4.206828793774319,1.0,0
284,92.0,-2.535,0.026883961460419603,20553932.0,6250000.0,103.833,257.0,6230.0,5669.0,140.0,363.0,25.0,86.0,89.0,3.28862912,1.0,1
285,22.0,0.26,-0.06119950743568561,30559343.0,12000000.0,121.70299999999999,850.0,24307.0,21762.0,550.0,1181.0,105.0,212.0,203.0,2.5466119166666665,1.0,0
286,107.0,2.225,0.00912459122415893,13483846.0,525000.0,73.262,377.0,10731.0,9703.0,240.0,486.0,45.0,104.0,96.0,7.882540768354138,1.0,0
287,104.0,-1.86,-0.03995423330689589,15842042.0,5000000.0,103.833,399.0,14339.0,12728.0,297.0,723.0,49.0,98.0,185.0,3.1684083999999997,0.0,1
288,254.375,0.27,-0.010885933923670295,32406460.0,6750000.0,602.749,556.0,15244.0,12877.0,373.0,646.0,50.0,147.0,85.0,4.800957037037037,1.0,0
289,209.0,2.225,-0.02258578146813989,31669170.0,12500000.0,662.1277499999999,400.0,12453.0,10880.0,280.0,621.0,53.0,82.0,86.0,2.5335335999999997,1.0,0
290,115.0,0.42,-0.014905424266206996,57289549.0,18800000.0,662.1277499999999,408.0,12745.0,10844.0,280.0,649.0,56.0,134.0,116.0,3.0473164361702128,1.0,0
291,125.0,1.53,0.026883961460419603,95288875.75,22329369.875,662.1277499999999,719.0,21471.0,19155.0,472.0,1133.0,90.0,207.0,246.0,3.6336906216354055,1.0,0
292,79.0,-1.43,0.00912459122415893,95288875.75,22329369.875,662.1277499999999,850.0,24307.0,22126.75,564.5,1292.875,144.375,244.875,282.5,3.6603772901958007,1.0,1
293,153.0,-0.14,0.02464217157312161,16285960.0,5000000.0,110.294,314.0,9689.0,8471.0,226.0,512.0,30.0,48.0,79.0,3.257192,1.0,1
294,184.0,-2.535,0.036866889518440776,31750000.0,12500000.0,640.138,298.0,7996.0,7144.0,200.0,441.0,40.0,66.0,109.0,2.54,1.0,1
295,140.0,0.22,0.051895160794828976,12946132.0,4670000.0,177.218,453.0,11082.0,10081.0,261.0,575.0,63.0,73.0,176.0,2.772191006423983,1.0,0
296,37.0,0.81,-0.03990318894493307,15733483.0,5000000.0,1.805,437.0,13908.0,12987.0,299.0,854.0,111.0,108.0,208.0,3.1466966,1.0,0
297,94.0,-2.535,-0.019999416118981355,33471939.0,5000000.0,90.16,712.0,18370.0,16214.0,448.0,1136.0,71.0,203.0,211.0,6.6943877999999994,1.0,1
298,139.0,0.36,0.019074145624490203,5212000.0,2000000.0,65.093,193.0,5232.0,4434.0,140.0,167.0,31.0,38.0,62.0,2.6060000000000003,0.0,0
299,254.375,-2.535,-0.022858004861799515,23795676.0,6400000.0,66.676,850.0,24307.0,22126.75,564.5,1292.875,144.375,244.875,282.5,3.718074375,1.0,1
300,116.0,-0.5,0.050248012316791976,49284964.0,11000000.0,140.69899999999998,795.0,24307.0,22126.75,564.5,1292.875,144.375,224.0,247.0,4.480451272727274,1.0,1
301,132.0,-0.63,0.03942151419367548,25429965.0,6636314.0,25.429000000000002,377.0,9992.0,9024.0,241.0,458.0,40.0,88.0,117.0,3.8319411950670212,1.0,1
302,112.0,-0.04,-0.05097464568124585,42133168.0,22329369.875,42.674,477.0,14652.0,13114.0,341.0,678.0,73.0,123.0,184.0,0.43661313989637307,1.0,1
303,130.0,-2.535,0.022092379851270345,21933633.0,6000000.0,2.9739999999999998,320.0,8590.0,7776.0,200.0,455.0,46.0,61.0,91.0,3.6556055,1.0,1
304,112.0,0.03,0.03904847780282676,5842736.0,2750000.0,8.783999999999999,232.0,6379.0,5660.0,162.0,356.0,22.0,42.0,65.0,2.1246312727272727,0.0,0
305,119.0,2.225,-0.06729617762554349,41767897.0,6000000.0,84.804,382.0,9800.0,8989.0,240.0,545.0,62.0,79.0,127.0,6.961316166666666,1.0,0
306,93.0,-2.535,0.018783088263761943,17495610.0,5000000.0,1.0959999999999999,249.0,6457.0,5882.0,137.0,375.0,40.0,58.0,94.0,3.4991220000000003,1.0,1
307,155.0,-0.87,0.07023428379468515,32239547.0,7500000.0,136.136,624.0,15272.0,13465.0,379.0,724.0,58.0,111.0,131.0,4.298606266666667,1.0,1
308,254.375,0.19,0.01545098227966197,79322687.0,10000000.0,79.556,423.0,12853.0,11647.0,297.0,758.0,79.0,80.0,125.0,7.882540768354138,1.0,0
309,98.0,0.11,0.01972689047532399,44014319.0,10590000.0,76.87,385.0,9315.0,7874.0,225.0,398.0,37.0,35.0,82.0,4.156215203021719,1.0,0
310,121.0,0.01,-0.0042573398548124385,16897388.0,5000000.0,103.833,330.0,8777.0,7987.0,198.0,504.0,69.0,69.0,142.0,3.3794776,1.0,0
311,181.0,2.225,0.02641328115211709,58710175.0,7000000.0,92.83,284.0,7061.0,6236.0,172.0,319.0,21.0,55.0,52.0,7.882540768354138,1.0,0
312,147.0,-0.06,-0.07978998452796494,14811809.0,5200000.0,190.002,366.0,10413.0,9315.0,247.0,559.0,37.0,120.0,99.0,2.848424807692308,1.0,1
313,254.375,2.225,-0.001710114517104365,3693227.0,2625000.0,6.154,267.0,8492.0,7699.0,186.0,418.0,47.0,53.0,85.0,1.406943619047619,0.0,0
314,124.0,0.12,-0.014063666503357755,42880267.0,9000000.0,96.385,454.0,11688.0,10597.0,259.0,547.0,69.0,108.0,121.0,4.764474111111111,1.0,0
315,148.0,0.3,0.0502573584765036,24048849.0,6800000.0,58.852,487.0,12754.0,11894.0,308.0,709.0,87.0,148.0,186.0,3.53659544117647,1.0,0
316,106.0,0.49,-0.00635224375195689,20270463.0,8695652.0,535.328,546.0,12934.0,11533.0,291.0,632.0,119.0,181.0,135.0,2.3311032916220658,1.0,0
317,124.0,0.4,0.017209259248019117,74843124.0,22329369.875,213.459,456.0,11938.0,10797.0,297.0,618.0,64.0,133.0,137.0,2.4947708,1.0,0
318,157.0,-0.38,0.06699643578439203,14690779.0,5000000.0,115.81299999999999,364.0,8513.0,7478.0,184.0,484.0,34.0,76.0,71.0,2.9381557999999997,1.0,1
319,75.0,-0.75,-0.043140280328260464,94912889.0,16666667.0,36.102,663.0,20531.0,18625.0,482.0,1213.0,144.375,146.0,282.5,5.694773226104536,1.0,1
320,105.0,-0.32,-0.006315604699400098,60493187.0,8350000.0,21.083000000000002,502.0,14256.0,12246.0,315.0,638.0,45.0,80.0,138.0,7.244693053892216,1.0,1
321,119.0,0.03,0.043750230991979264,33217753.0,12500000.0,126.449,494.0,13603.0,12087.0,321.0,790.0,32.0,89.0,121.0,2.65742024,1.0,0
322,155.0,-0.26,0.03373003095682972,29945227.0,7500000.0,33.718,397.0,9988.0,9000.0,246.0,570.0,45.0,81.0,127.0,3.992696933333333,1.0,1
323,168.0,2.225,0.0928958048742471,12397139.0,2800000.0,45.494,463.0,11323.0,10198.0,286.0,515.0,28.0,126.0,116.0,4.4275496428571435,0.0,0
324,223.0,0.63,0.047434548648868174,30864195.0,19111213.0,205.50900000000001,469.0,12809.0,11375.0,295.0,589.0,58.0,120.0,152.0,1.6149783375864208,1.0,0
325,196.0,-2.535,-0.0215517750235283,48517110.0,17600000.0,662.1277499999999,432.0,12603.0,11101.0,278.0,550.0,87.0,124.0,106.0,2.7566539772727268,1.0,1
326,88.0,-1.64,0.013508915272795578,95288875.75,22329369.875,662.1277499999999,339.0,8847.0,8067.0,221.0,481.0,56.0,156.0,116.0,5.274146400000001,1.0,1
327,133.0,0.68,-0.07978998452796494,32359870.0,7150000.0,107.15299999999999,443.0,11492.0,10055.0,277.0,546.0,70.0,119.0,126.0,4.5258559440559445,1.0,0
328,55.0,1.03,-0.02685481572551105,64813515.0,18000000.0,662.1277499999999,515.0,11902.0,10394.0,265.0,537.0,68.0,121.0,147.0,3.600750833333333,1.0,0
329,106.0,-0.09,0.05849216094127141,23786838.0,9100000.0,39.037,441.0,11034.0,10178.0,254.0,613.0,50.0,82.0,140.0,2.6139382417582415,0.0,1
330,107.0,0.01,0.00912459122415893,27400178.0,7398703.5,103.833,246.0,527.0,9046.0,355.0,1292.875,64.0,48.0,123.0,3.70337559817068,1.0,0
331,74.0,-0.45,-0.017748889853808732,39133134.0,10000000.0,103.833,514.0,12918.0,11924.0,298.0,795.0,69.0,90.0,170.0,3.9133134,1.0,1
332,254.375,-0.7,0.040619988496656566,15644291.0,2062500.0,0.223,341.0,9314.0,8647.0,218.0,519.0,55.0,119.0,102.0,7.585110787878787,0.0,1
333,78.0,-2.535,-0.015498481665338357,22775117.0,6000000.0,141.866,528.0,11552.0,10070.0,273.0,576.0,51.0,76.0,92.0,3.7958528333333335,1.0,1
334,84.0,-0.9,-0.0011741145629854926,22807556.0,5000000.0,1.933,224.0,5163.0,4730.0,123.0,315.0,19.0,34.0,78.0,4.5615112,0.0,1
335,73.0,-0.31,0.0009176316515647273,16694513.0,5000000.0,46.301,443.0,11501.0,10273.0,279.0,654.0,52.0,98.0,136.0,3.3389026,0.0,1
336,74.0,0.05,-0.017173041723842902,5296530.0,2500000.0,25.05,371.0,8284.0,7539.0,180.0,450.0,56.0,67.0,111.0,2.1186119999999997,0.0,0
337,13.0,0.21,0.034906080221913875,95288875.75,22329369.875,508.099,383.0,14009.0,11364.0,307.0,490.0,67.0,92.0,110.0,4.042221779661017,1.0,0
338,77.0,0.96,0.016630012089519853,29709114.0,10294118.0,662.1277499999999,484.0,12204.0,10857.0,284.0,574.0,117.0,155.0,154.0,2.886028118193322,1.0,0
339,84.0,0.62,0.040141203450328365,27415082.0,6000000.0,84.456,380.0,8106.0,7248.0,184.0,416.0,41.0,51.0,115.0,4.569180333333334,1.0,0
340,168.0,-2.4,0.02141218913390353,16140403.0,4650000.0,19.099,376.0,8584.0,7713.0,207.0,605.0,40.0,64.0,128.0,3.4710544086021504,0.0,1
341,195.0,0.77,0.01406594186334308,16591870.0,4800000.0,122.98,525.0,12623.0,11114.0,299.0,631.0,39.0,101.0,123.0,3.456639583333333,0.0,0
342,94.0,0.34,0.030329681116254243,12765000.0,4400000.0,59.021,346.0,9074.0,7890.0,205.0,415.0,27.0,52.0,128.0,2.901136363636364,0.0,0
343,20.0,0.44,0.003843744682191498,8595000.0,2100000.0,19.765,384.0,9849.0,8738.0,252.0,624.0,61.0,86.0,132.0,4.092857142857143,0.0,0
344,86.0,0.6,-0.0012538149975891099,24710985.0,4000000.0,261.275,428.0,11456.0,10163.0,249.0,647.0,55.0,75.0,111.0,6.17774625,1.0,0
345,78.0,-0.05,0.002046754742247154,79433587.0,16000000.0,64.343,422.0,14422.0,12311.0,282.0,641.0,61.0,145.0,165.0,4.9645991875,1.0,1
346,177.0,0.0,0.02876703122721888,15272064.0,5500000.0,30.726999999999997,500.0,11490.0,10438.0,277.0,556.0,61.0,151.0,149.0,2.776738909090909,1.0,0
347,112.0,0.16,-0.017276777870284775,94498627.0,7840000.0,243.09900000000002,562.0,14212.0,13015.0,350.0,821.0,119.0,76.0,156.0,7.882540768354138,1.0,0
348,36.0,-0.5,0.001083693052800594,86308363.0,15700000.0,193.949,694.0,24245.0,20297.0,511.0,997.0,111.0,213.0,219.0,5.497347961783439,1.0,1
349,254.375,-0.25,-0.0072171868490296534,21383301.0,6666667.0,51.723,643.0,18855.0,16338.0,436.0,849.0,70.0,108.0,169.0,3.2074949896252507,1.0,1
350,113.0,0.77,0.034906080221913875,95288875.75,17500000.0,242.00400000000002,609.0,17711.0,15766.0,412.0,825.0,112.0,206.0,257.0,7.142857142857142,1.0,0
351,164.0,0.4,-0.01910244342436604,85019231.0,15000000.0,146.047,369.0,11485.0,10647.0,270.0,600.0,52.0,138.0,126.0,5.667948733333334,1.0,0
352,101.0,0.22,-0.011441967183758969,27329554.0,7687362.0,89.415,576.0,13753.0,12199.0,314.0,775.0,47.0,53.0,179.0,3.555127753838053,1.0,0
353,103.0,0.85,0.0063111258475112494,33209142.0,9900000.0,256.942,385.0,9769.0,8674.0,231.0,441.0,29.0,45.0,80.0,3.354458787878788,1.0,0
354,90.0,0.01,-0.039757110614729606,67516728.0,18200000.0,84.12899999999999,622.0,20593.0,17579.0,412.0,838.0,96.0,152.0,165.0,3.7097103296703295,1.0,0
355,112.0,-0.2,-0.02246402239096419,9734326.0,3500000.0,16.454,327.0,9763.0,8975.0,241.0,493.0,64.0,53.0,98.0,2.7812360000000003,0.0,1
356,103.0,2.225,0.04356371060724448,95288875.75,22329369.875,662.1277499999999,470.0,14397.0,12765.0,328.0,634.0,64.0,112.0,164.0,7.882540768354138,1.0,0
357,107.0,2.225,0.00912459122415893,13643750.0,2500000.0,21.612,373.0,10261.0,9189.0,236.0,483.0,54.0,64.0,170.0,5.4575,1.0,0
358,252.0,0.267,-0.06045497970471485,75017845.0,22329369.875,662.1277499999999,505.0,11840.0,10824.0,265.0,788.0,78.0,109.0,123.0,1.2193877262417696,1.0,0
359,254.375,-0.86,0.047521580948463316,92396254.0,14300000.0,34.215,553.0,16635.0,15267.0,376.0,1101.0,138.0,128.0,273.0,6.461276503496504,1.0,1
360,148.0,-1.12,-0.0008063218195906665,18438284.0,5100000.0,0.7709999999999999,388.0,11047.0,9875.0,259.0,592.0,52.0,100.0,105.0,3.615349803921569,1.0,1
361,38.0,0.12,0.02732320018101252,95288875.75,16666667.0,514.96,501.0,16095.0,14347.0,393.0,806.0,120.0,99.0,154.0,7.882540768354138,1.0,0
362,109.0,-1.34,0.04162781832796953,19272409.0,5000000.0,103.833,293.0,8098.0,7291.0,171.0,465.0,46.0,58.0,104.0,3.8544818,1.0,1
363,113.0,2.225,-0.04986259667304091,52816788.0,11916626.0,224.338,578.0,14609.0,13049.0,355.0,690.0,60.0,183.0,130.0,4.432193139232531,1.0,0
364,85.0,-0.95,0.007191348327184309,15704952.0,4000000.0,130.0,235.0,5674.0,5085.0,132.0,284.0,27.0,66.0,63.0,3.9262379999999997,0.0,1
365,119.0,-2.535,0.012849097356874246,19394430.0,6800000.0,2.781,331.0,8576.0,7817.0,207.0,595.0,76.0,92.0,111.0,2.8521220588235288,1.0,1
366,134.0,-2.535,0.040141203450328365,17865715.0,5000000.0,9.124,221.0,5786.0,5130.0,129.0,336.0,51.0,34.0,71.0,3.573143,1.0,1
367,104.0,-0.35,0.04110381750255497,81250000.0,22329369.875,7.093,376.0,10252.0,9578.0,255.0,618.0,57.0,109.0,140.0,2.888888888888889,1.0,1
368,111.0,0.21,0.048222318623155534,42861675.0,13300000.0,144.235,820.0,18925.0,16807.0,432.0,1074.0,83.0,181.0,214.0,3.2226823308270682,1.0,0
369,154.0,0.55,0.03898095449756205,17901592.0,5000000.0,65.075,471.0,13152.0,11880.0,333.0,604.0,110.0,94.0,176.0,3.5803184,1.0,0
370,150.0,0.115,-0.02992321665797946,22353696.0,6300000.0,140.4,606.0,16041.0,14425.0,380.0,980.0,75.0,162.0,180.0,3.5482057142857144,1.0,0
371,124.0,0.58,-0.014063666503357755,14941729.0,4700000.0,38.596,800.0,23058.0,20820.0,527.0,1292.875,97.0,244.875,189.0,3.1790912765957446,1.0,0
372,109.0,0.17,0.00944825402994243,50947467.0,4500000.0,417.32599999999996,352.0,10898.0,9710.0,244.0,677.0,66.0,131.0,89.0,7.882540768354138,1.0,0
373,147.0,-2.535,-0.013351642245815757,10513164.0,4000000.0,103.833,252.0,5311.0,4917.0,128.0,318.0,24.0,47.0,78.0,2.628291,0.0,1
374,77.0,0.02,0.03373003095682972,22615714.0,6000000.0,13.118,550.0,17709.0,15021.0,349.0,869.0,86.0,106.0,169.0,3.7692856666666663,1.0,0
375,104.0,-0.83,0.012479814606479392,13691021.0,3250000.0,24.011999999999997,295.0,8387.0,7625.0,188.0,447.0,46.0,126.0,95.0,4.212621846153846,0.0,1
376,71.0,0.39,0.030198862266011026,23257835.0,5566508.0,129.415,423.0,9580.0,8746.0,217.0,446.0,55.0,92.0,91.0,4.178173282064806,0.0,0
377,254.375,0.28,0.0012337806712595886,26458778.0,8700000.0,152.268,593.0,15155.0,13553.0,367.0,832.0,89.0,153.0,219.0,3.0412388505747128,1.0,0
378,110.0,-0.42,-0.011466887047280744,33500000.0,18000000.0,278.593,541.0,13330.0,11790.0,318.0,576.0,91.0,115.0,128.0,1.8611111111111112,1.0,1
379,254.375,-1.11,-0.009227861539718062,24639622.0,5000000.0,0.325,501.0,14149.0,12818.0,333.0,727.0,101.0,80.0,145.0,4.9279244,0.0,1
380,54.0,1.97,0.011375196425691042,95288875.75,22329369.875,662.1277499999999,366.0,10319.0,9273.0,244.0,510.0,85.0,111.0,99.0,4.255180966666667,1.0,0
381,119.0,0.19,0.0016242938701320053,44106658.0,6619654.0,94.071,446.0,11854.0,10912.0,293.0,663.0,53.0,89.0,110.0,6.662985406790143,1.0,0
382,133.0,0.25,0.016234824406075828,28899947.0,6000000.0,48.538999999999994,309.0,8062.0,7131.0,176.0,554.0,31.0,88.0,237.0,4.816657833333333,1.0,0
383,84.0,0.0,0.047521580948463316,74890038.0,10200000.0,103.678,560.0,16053.0,14755.0,395.0,818.0,70.0,108.0,145.0,7.342160588235294,1.0,0
384,89.0,-2.535,-0.045963193905305004,32391461.0,6250000.0,103.833,206.0,5658.0,5113.0,138.0,364.0,19.0,61.0,78.0,5.18263376,1.0,1
385,103.0,-2.535,-0.005204730567745611,24563183.0,5350000.0,7.832000000000001,190.0,5199.0,4746.0,118.0,329.0,65.0,27.0,63.0,4.5912491588785045,1.0,1
386,184.0,1.02,-0.002084846074433473,25398826.0,6600000.0,644.161,251.0,5874.0,5164.0,136.0,260.0,30.0,28.0,72.0,3.84830696969697,1.0,0
387,147.0,-2.535,0.011934978076666231,39741120.0,6000000.0,113.695,540.0,19286.0,16701.0,430.0,1186.0,93.0,244.875,185.0,6.62352,1.0,1
388,199.0,0.02,0.030198862266011026,25155448.0,5000000.0,97.969,463.0,12850.0,11437.0,316.0,780.0,39.0,134.0,165.0,5.0310896,1.0,0
389,158.0,2.225,-0.02226088431474113,65634353.0,22329369.875,209.433,411.0,12072.0,11008.0,285.0,601.0,54.0,134.0,142.0,2.734764708333333,1.0,0
390,129.0,-0.2,0.050472907721580786,26684018.0,5500000.0,24.204,451.0,11117.0,10085.0,278.0,523.0,43.0,190.0,122.0,4.851639636363637,1.0,1
391,254.375,0.34,-0.012649890726914682,95288875.75,22329369.875,662.1277499999999,617.0,19118.0,16414.0,397.0,923.0,103.0,244.875,269.0,4.465348658415817,1.0,0
392,37.0,-0.86,0.016999659979245296,30911322.0,7500000.0,59.558,581.0,15022.0,13793.0,361.0,878.0,77.0,109.0,193.0,4.1215095999999996,1.0,1
393,69.0,0.07,-0.014457302664450278,16098500.0,9465000.0,300.69,513.0,15504.0,13779.0,329.0,690.0,59.0,152.0,158.0,1.7008452192287375,0.0,0
394,174.0,-0.19,0.04916280160245258,54719860.0,13333334.0,79.244,653.0,20152.0,18198.0,460.0,1055.0,112.0,202.0,282.5,4.103989294800535,1.0,1
395,227.0,-0.02,0.030940585942283706,45259684.0,6000000.0,310.295,485.0,16532.0,13908.0,345.0,839.0,102.0,150.0,191.0,7.543280666666668,1.0,1
396,254.375,0.14,0.019538152328012624,37024842.0,11426315.0,662.1277499999999,509.0,14943.0,13025.0,347.0,641.0,65.0,164.0,126.0,3.240313434383701,1.0,0
397,138.0,0.14,0.05336382324753392,30411122.0,6444100.0,51.35,349.0,9967.0,9394.0,234.0,630.0,61.0,89.0,136.0,4.7192194410390895,1.0,0
398,63.0,-2.535,0.013148883711569307,25659470.0,5000000.0,2.343,304.0,7418.0,6550.0,171.0,478.0,38.0,53.0,82.0,5.131894,1.0,1
399,171.0,-0.6,-0.019461930180780088,59510706.0,6200000.0,67.202,423.0,10456.0,9397.0,231.0,521.0,33.0,69.0,88.0,7.882540768354138,1.0,1
400,107.0,0.01,0.00912459122415893,27400178.0,7398703.5,103.833,290.0,8454.0,7137.0,192.0,384.0,45.0,68.0,139.0,3.70337559817068,1.0,0
401,107.0,1.5330000000000001,0.00912459122415893,21137782.0,5000000.0,1.5330000000000001,382.0,9959.0,9215.0,237.0,534.0,73.0,88.0,132.0,4.227556400000001,1.0,0
402,84.0,0.68,-0.03994798366381734,11928946.0,5150000.0,171.253,312.0,8379.0,7580.0,215.0,435.0,41.0,35.0,143.0,2.3163001941747567,0.0,0
403,118.0,-0.28,0.016234824406075828,93850951.0,22329369.875,219.3,415.0,12173.0,11189.0,259.0,625.0,44.0,91.0,84.0,2.4697618684210525,1.0,1
404,84.0,-2.535,-0.02445763809442177,18877922.0,5775000.0,13.535,465.0,10931.0,9871.0,247.0,570.0,49.0,135.0,114.0,3.2689042424242425,1.0,1
405,110.0,-0.28,-0.009283825646421207,16886928.0,5400000.0,648.447,411.0,10956.0,9806.0,252.0,492.0,66.0,60.0,128.0,3.1272088888888887,1.0,1
406,84.0,-2.47,0.02890979604279873,12487898.0,4000000.0,103.833,260.0,7143.0,6591.0,151.0,420.0,45.0,56.0,97.0,3.1219745,1.0,1
407,37.0,0.16,-0.03730202283411388,21803031.0,7142857.0,264.54400000000004,366.0,10221.0,8964.0,257.0,472.0,48.0,22.0,89.0,3.052424401048488,0.0,0
408,127.0,-2.11,-0.014457302664450278,29809571.0,6300000.0,64.062,587.0,15783.0,14466.0,358.0,871.0,50.0,115.0,183.0,4.731677936507936,1.0,1
409,70.0,2.225,-0.03023471691106464,17341239.0,3740000.0,128.894,197.0,5111.0,4591.0,122.0,241.0,26.0,38.0,73.0,4.6366949197860965,1.0,0
410,107.0,2.225,0.00912459122415893,39646207.0,550000.0,101.04799999999999,451.0,12594.0,11210.0,298.0,565.0,63.0,115.0,170.0,7.882540768354138,1.0,0
411,77.0,-1.29,0.03753148264365503,95288875.75,22329369.875,662.1277499999999,603.0,15032.0,13483.0,349.0,952.0,132.0,183.0,199.0,3.1874258343742583,1.0,1
412,237.0,0.01,0.014041837854611824,95288875.75,22329369.875,662.1277499999999,832.0,24307.0,22126.75,564.5,1292.875,144.375,244.875,282.5,4.866809839065521,1.0,0
413,254.375,2.225,-0.05334674288233361,53788232.0,10000000.0,662.1277499999999,686.0,23573.0,19544.0,496.0,1060.0,144.375,244.875,282.5,5.3788232,1.0,0
414,91.0,0.08,0.012394383117309374,95288875.75,11650000.0,92.641,739.0,20771.0,18748.0,480.0,1288.0,102.0,123.0,248.0,7.882540768354138,1.0,0
415,254.375,0.14,0.014589883564370137,23474619.0,7500000.0,184.139,598.0,15935.0,14574.0,390.0,981.0,107.0,197.0,219.0,3.1299492,1.0,0
416,92.0,0.01,0.0043540380024049185,39945313.0,14600000.0,243.49099999999999,411.0,11737.0,10440.0,275.0,784.0,66.0,133.0,282.5,2.7359803424657536,1.0,0
417,103.0,-2.535,0.02877508481350393,30603664.0,11900000.0,210.67700000000002,568.0,15773.0,14308.0,349.0,929.0,101.0,124.0,197.0,2.5717364705882355,1.0,1
418,80.0,-2.535,0.029424861508276945,21118970.0,7000000.0,1.138,283.0,7465.0,6778.0,174.0,418.0,34.0,83.0,64.0,3.0169957142857142,1.0,1
419,92.0,0.77,0.006842770621949718,59763933.0,22329369.875,165.00099999999998,446.0,10562.0,9541.0,266.0,668.0,54.0,75.0,75.0,2.1732339272727272,1.0,0
420,145.0,0.11,0.011457396454871965,31021778.0,11672000.0,225.768,435.0,10926.0,9709.0,257.0,598.0,80.0,134.0,117.0,2.6577945510623717,1.0,0
421,65.0,-0.86,-0.001870803276098693,24179971.0,7100000.0,103.833,245.0,6439.0,5925.0,155.0,369.0,26.0,64.0,76.0,3.405629718309859,1.0,1
422,112.0,-0.46,0.003952362020035917,27228480.0,7000000.0,237.331,382.0,9919.0,8847.0,232.0,471.0,45.0,99.0,93.0,3.8897828571428565,1.0,1
423,70.0,-2.535,-0.07978998452796494,11568466.0,3000000.0,9.168,358.0,8862.0,7668.0,199.0,388.0,51.0,57.0,106.0,3.856155333333333,1.0,1
424,108.0,2.225,-0.03087689769993485,87621435.0,22329369.875,273.623,443.0,11662.0,10558.0,282.0,657.0,113.0,131.0,183.0,2.190535875,1.0,0
425,112.0,-0.7,0.050248012316791976,95288875.75,22329369.875,662.1277499999999,850.0,24307.0,22126.75,564.5,1292.875,144.375,244.875,197.0,7.330926470588236,1.0,1
426,254.375,-2.535,-0.034979351486703586,24792293.0,10000000.0,133.839,706.0,18937.0,16662.0,437.0,901.0,37.0,156.0,169.0,2.4792292999999996,1.0,1
427,100.0,-1.01,0.007191348327184309,20191521.0,5500000.0,1.885,388.0,11210.0,9878.0,256.0,498.0,52.0,100.0,84.0,3.671185636363637,1.0,1
428,119.0,-0.25,0.030329681116254243,55631079.0,9000000.0,53.851000000000006,581.0,15332.0,13789.0,369.0,734.0,89.0,120.0,155.0,6.1812309999999995,1.0,1
429,105.0,-0.16,0.048825833316605984,92215295.0,22329369.875,37.755,517.0,15950.0,14048.0,359.0,867.0,73.0,188.0,187.0,2.195602261904762,1.0,1
430,206.0,-2.535,0.017130780284440303,11424209.0,3025000.0,2.5839999999999996,418.0,11971.0,10586.0,287.0,655.0,60.0,140.0,136.0,3.7765980165289257,0.0,1
431,16.0,0.01,0.03093035333965312,10781579.0,10750000.0,103.833,211.0,5205.0,4940.0,123.0,224.0,20.0,39.0,82.0,1.0029375813953492,1.0,0
432,214.0,-2.535,0.03128352766228791,7161923.0,3125000.0,52.244,296.0,8096.0,6550.0,178.0,329.0,22.0,52.0,91.0,2.29181536,1.0,1
433,121.0,-0.06,-0.019500882747040826,25399265.0,7692308.0,33.28,548.0,18109.0,15431.0,363.0,879.0,88.0,186.0,159.0,3.3019043179238268,1.0,1
434,139.0,-1.51,0.036866889518440776,19500000.0,2500000.0,10.68,332.0,9631.0,8555.0,233.0,458.0,40.0,65.0,91.0,7.8,0.0,1
435,254.375,-1.12,0.0012337806712595886,21287580.0,6820000.0,1.17,518.0,13775.0,12542.0,309.0,807.0,107.0,116.0,177.0,3.1213460410557183,1.0,1
436,92.0,0.41,-0.0173493970743838,21799183.0,5350000.0,64.941,649.0,16463.0,14907.0,360.0,815.0,95.0,196.0,189.0,4.074613644859813,1.0,0
437,93.0,-1.94,0.00895365761153808,14316371.0,3437500.0,27.499000000000002,398.0,10639.0,9654.0,242.0,611.0,53.0,81.0,98.0,4.164762472727273,1.0,1
438,85.0,0.26,0.048825833316605984,55071499.0,9000000.0,75.517,422.0,14868.0,12648.0,321.0,785.0,47.0,76.0,110.0,6.119055444444443,1.0,0
439,120.0,-0.55,0.03306440470784555,24507307.0,5200000.0,37.076,373.0,10201.0,9240.0,227.0,623.0,56.0,75.0,210.0,4.712943653846153,1.0,1
440,92.0,-0.55,0.012946018279928658,21747659.0,7000000.0,0.9329999999999999,266.0,7166.0,6539.0,162.0,436.0,57.0,59.0,98.0,3.1068084285714286,1.0,1
441,163.0,-2.535,0.03093035333965312,10177219.0,5000000.0,1.7480000000000002,286.0,9924.0,8553.0,212.0,552.0,58.0,124.0,138.0,2.0354438000000004,1.0,1
442,111.0,-0.49,0.018573387615092914,62012694.0,16909375.0,151.691,381.0,10998.0,9515.0,271.0,484.0,62.0,108.0,110.0,3.6673557715764185,1.0,1
443,113.0,0.66,0.03753148264365503,30624996.0,6250000.0,119.44,593.0,18302.0,16463.0,409.0,959.0,77.0,117.0,164.0,4.89999936,1.0,0
444,175.0,0.89,-0.01068351267057182,36304118.0,9230800.0,13.427,558.0,17240.0,15465.0,399.0,1028.0,74.0,159.0,189.0,3.932933006889977,1.0,0
445,128.0,-2.535,0.03619158726309408,25860270.0,7000000.0,0.08800000000000001,246.0,6803.0,6088.0,154.0,378.0,43.0,46.0,116.0,3.6943242857142855,1.0,1
446,84.0,-0.96,0.02434616229060081,27139440.0,3500000.0,3.97,328.0,8402.0,7601.0,204.0,450.0,62.0,43.0,109.0,7.754125714285713,0.0,1
447,88.0,2.225,0.008901471474528345,27913000.0,22329369.875,662.1277499999999,572.0,14802.0,12751.0,367.0,679.0,88.0,138.0,146.0,1.1165200000000002,1.0,0
448,71.0,-1.76,0.036830796877746964,82912526.0,22329369.875,662.1277499999999,631.0,16831.0,15514.0,401.0,1005.0,99.0,171.0,222.0,2.438603705882353,1.0,1
449,124.0,-0.1,-0.02888526608696547,95288875.75,14684000.0,5.189,490.0,13637.0,12461.0,333.0,733.0,75.0,80.0,171.0,7.882540768354138,1.0,1
450,87.0,-0.64,-0.017606702228987726,95288875.75,22329369.875,662.1277499999999,850.0,24307.0,22126.75,564.5,1292.875,105.0,244.875,282.5,2.45161246,1.0,1
451,105.0,-0.19,0.04109396667393358,66601444.0,6200000.0,118.59700000000001,522.0,15148.0,13971.0,351.0,762.0,81.0,141.0,181.0,7.882540768354138,1.0,1
452,94.0,0.4,-0.06729617762554349,60015700.0,7500000.0,208.61700000000002,493.0,14045.0,12667.0,350.0,714.0,49.0,88.0,114.0,7.882540768354138,1.0,0
453,108.0,0.01,-0.04827221695211025,65054798.0,15400000.0,390.088,508.0,15046.0,13057.0,381.0,741.0,117.0,125.0,148.0,4.2243375324675325,1.0,0
454,197.0,0.01,0.002730527290432577,50000000.0,22329369.875,87.92,625.0,15584.0,12784.0,369.0,510.0,79.0,110.0,83.0,1.7857142857142858,1.0,0
455,94.0,-1.58,0.0066801557600190105,17232876.0,6000000.0,14.562000000000001,518.0,18297.0,16017.0,378.0,883.0,86.0,176.0,119.0,2.872146,0.0,1
456,105.0,0.11,0.03576920961214603,95288875.75,22329369.875,662.1277499999999,850.0,21357.0,19095.0,494.0,1073.0,89.0,183.0,239.0,6.92496922,1.0,0
457,100.0,0.53,0.05325790805779927,31832864.0,13500000.0,356.69699999999995,519.0,12825.0,11522.0,288.0,684.0,48.0,115.0,139.0,2.3579899259259256,1.0,0
458,38.0,0.27,0.02732320018101252,45148986.0,9000000.0,162.974,275.0,8877.0,8084.0,203.0,348.0,52.0,118.0,102.0,5.016554,1.0,0
459,122.0,-2.535,-0.0514494247729166,31706936.0,5250000.0,62.025,503.0,13017.0,11965.0,294.0,667.0,55.0,124.0,150.0,6.039416380952381,1.0,1
460,107.0,0.32,-0.0227295848016888,24573012.0,8823529.0,332.81300000000005,441.0,11826.0,10502.0,288.0,499.0,67.0,96.0,89.0,2.7849414899639364,1.0,0
461,77.0,-2.535,0.00693492115391497,23929223.0,6000000.0,4.735,217.0,4882.0,4403.0,124.0,284.0,15.0,30.0,48.0,3.988203833333333,1.0,1
462,145.0,-0.6,0.00665261116999354,28928301.0,3750000.0,19.937,431.0,10316.0,9096.0,223.0,504.0,39.0,121.0,119.0,7.7142136,1.0,1
463,96.0,0.46,-0.030450897308127382,21256253.0,10000000.0,174.342,391.0,11316.0,10271.0,255.0,547.0,58.0,102.0,194.0,2.1256253,1.0,0
464,134.0,1.83,0.005649853106774685,17566754.0,8700000.0,333.408,466.0,9825.0,8650.0,205.0,412.0,49.0,85.0,77.0,2.019167126436781,0.0,0
465,165.0,-1.71,-0.012548144912838632,16529395.0,3850000.0,7.881,353.0,9198.0,8349.0,206.0,531.0,59.0,110.0,90.0,4.293349350649351,1.0,1
466,90.0,-1.4,0.00665261116999354,25633237.0,7700000.0,3.6630000000000003,298.0,7838.0,7137.0,170.0,399.0,47.0,72.0,82.0,3.328991818181818,1.0,1
467,106.0,-0.73,0.021872903944552987,40306928.0,15000000.0,479.67699999999996,523.0,13529.0,12199.0,337.0,773.0,98.0,182.0,176.0,2.687128533333333,1.0,1
468,157.0,0.83,0.047434548648868174,21849072.0,6000000.0,289.997,334.0,8406.0,7431.0,207.0,442.0,56.0,82.0,132.0,3.641512,1.0,0
469,67.0,0.14,-0.04515484849669108,23887444.0,10300000.0,4.729,369.0,10227.0,9092.0,231.0,362.0,40.0,67.0,83.0,2.3191693203883497,1.0,0
470,214.0,0.78,0.03382320623002174,23187708.0,4300000.0,98.939,362.0,9941.0,9013.0,223.0,492.0,58.0,78.0,153.0,5.3924902325581385,1.0,0
471,238.0,-0.63,0.045414897066108864,19023887.0,8333333.0,46.981,380.0,11176.0,9368.0,259.0,488.0,54.0,82.0,104.0,2.282866531314661,0.0,1
472,177.0,0.36,0.029424861508276945,43034042.0,9000000.0,228.268,694.0,17383.0,15758.0,406.0,1053.0,98.0,147.0,213.0,4.781560222222223,1.0,0
473,61.0,-0.25,0.00684137614730739,9130845.0,2641207.0,59.276,466.0,12278.0,11167.0,291.0,554.0,47.0,76.0,140.0,3.4570728458617594,0.0,1
474,254.375,0.21,0.047521580948463316,16978700.0,4500000.0,175.482,505.0,14582.0,13430.0,340.0,834.0,82.0,115.0,187.0,3.773044444444445,1.0,0
475,99.0,0.01,0.012946018279928658,29832927.0,10000000.0,103.833,355.0,8667.0,7959.0,202.0,527.0,35.0,86.0,133.0,2.9832927000000002,1.0,0
476,86.0,-0.02,-0.00900122191999983,11360834.0,4334000.0,70.245,329.0,8430.0,7456.0,213.0,393.0,34.0,82.0,104.0,2.621327641901246,0.0,1
477,254.375,-0.32,0.02181132592841911,22384097.0,5500000.0,107.771,531.0,14026.0,12920.0,326.0,764.0,73.0,136.0,179.0,4.069835818181819,1.0,1
478,144.0,0.67,0.006072283079279064,17340933.0,6818182.0,30.013,483.0,12658.0,11451.0,2.5,800.0,67.0,161.0,152.0,2.5433367721776863,0.0,0
479,71.0,-0.25,-0.032698903758153694,9234270.0,2000000.0,103.833,177.0,3271.0,3003.0,70.0,168.0,17.0,23.0,41.0,4.617135,0.0,1
480,87.0,-2.535,-0.03023471691106464,18531753.0,4250000.0,34.12,363.0,7911.0,7012.0,196.0,351.0,61.0,76.0,80.0,4.360412470588234,1.0,1
481,106.0,0.09,0.012058316862300132,74957594.0,11200000.0,157.359,493.0,14676.0,13424.0,359.0,814.0,125.0,93.0,182.0,6.692642321428571,1.0,0
482,70.0,-2.535,0.035379568806444515,18012311.0,7000000.0,516.538,292.0,8316.0,7393.0,203.0,488.0,40.0,137.0,78.0,2.5731872857142863,1.0,1
483,112.0,0.07,0.0036730017281200976,30050974.0,7575000.0,76.212,443.0,13349.0,12257.0,318.0,721.0,73.0,114.0,171.0,3.967125280528053,1.0,0
484,84.0,0.38,-0.05411991916838179,44912597.0,10000000.0,260.527,539.0,16189.0,0.0,387.0,742.0,59.0,160.0,170.0,4.4912597000000005,1.0,0
485,16.0,0.92,0.030478263714888376,52500000.0,13333334.0,326.113,581.0,17651.0,15584.0,429.0,888.0,122.0,128.0,185.0,3.9374998031250095,1.0,0
486,77.0,0.3,0.005264090092373582,54346930.0,22000000.0,508.466,463.0,13494.0,11684.0,329.0,592.0,92.0,204.0,90.0,2.4703150000000003,1.0,0
487,126.0,-0.2,0.016412267563570674,20027711.0,6250000.0,662.1277499999999,764.0,18724.0,16859.0,413.0,942.0,74.0,138.0,196.0,3.20443376,1.0,1
488,20.0,-2.535,-0.013320562632980728,12532700.0,8500000.0,482.18,529.0,15083.0,13834.0,354.0,723.0,90.0,184.0,222.0,1.474435294117647,1.0,1
489,72.0,-0.4,-0.06729617762554349,19239637.0,6700000.0,20.752,421.0,10810.0,9741.0,256.0,463.0,53.0,157.0,139.0,2.8715876119402983,1.0,1
490,107.0,0.01,0.00912459122415893,50737000.0,737000.0,103.833,322.0,9820.0,8893.0,230.0,410.0,61.0,92.0,91.0,7.882540768354138,1.0,0
491,84.0,-2.18,-0.0227295848016888,26426497.0,4500000.0,0.441,516.0,13187.0,12178.0,305.0,869.0,85.0,137.0,187.0,5.872554888888889,1.0,1
492,104.0,-2.535,-0.012915449239152613,8504568.0,2200000.0,55.778,310.0,6397.0,5763.0,124.0,312.0,28.0,62.0,101.0,3.8657127272727267,0.0,1
493,185.0,2.225,0.060035899481386976,28650943.0,7200000.0,662.1277499999999,850.0,24307.0,22049.0,561.0,977.0,100.0,175.0,232.0,3.9792976388888888,1.0,0
494,65.0,-0.44,-0.03904801439802518,15251225.0,4000000.0,4.854,407.0,11124.0,9835.0,272.0,619.0,53.0,98.0,111.0,3.81280625,1.0,1
495,89.0,0.12,-0.002117746190072883,30794702.0,9600000.0,44.672,440.0,11841.0,10575.0,264.0,589.0,58.0,120.0,159.0,3.2077814583333333,0.0,0
496,107.0,2.225,0.00912459122415893,34130393.0,11250000.0,13.789000000000001,344.0,11091.0,10333.0,258.0,677.0,129.0,87.0,154.0,3.033812711111111,1.0,0
497,122.0,-0.62,0.03557985361183929,41759569.0,8400000.0,0.39,342.0,9041.0,7871.0,208.0,361.0,28.0,58.0,75.0,4.971377261904761,1.0,1
498,42.0,0.06,-0.048669477410061925,73685793.0,8400000.0,120.023,400.0,11240.0,10383.0,257.0,576.0,47.0,77.0,113.0,7.882540768354138,1.0,0
499,98.0,-0.33,0.012058316862300132,47638374.0,12500000.0,39.675,629.0,15904.0,14741.0,364.0,899.0,104.0,139.0,227.0,3.81106992,1.0,1
500,149.0,0.44,-0.07978998452796494,27138285.0,4166667.0,203.11700000000002,513.0,14793.0,13815.0,345.0,926.0,76.0,133.0,159.0,6.5131878789449695,1.0,0
501,65.0,1.07,0.04946365377677967,44823713.0,19181818.0,662.1277499999999,458.0,12365.0,11299.0,305.0,674.0,105.0,116.0,124.0,2.3367812685950837,1.0,0
502,75.0,-1.37,0.0552387875374565,14544609.0,5000000.0,80.936,356.0,9580.0,8542.0,230.0,447.0,41.0,128.0,99.0,2.9089218,1.0,1
503,107.0,2.225,0.00912459122415893,7310739.0,4500000.0,662.1277499999999,199.0,5073.0,4395.0,95.0,249.0,27.0,56.0,26.0,1.6246086666666666,1.0,0
504,87.0,-0.19,-0.02780558531861782,28485890.0,6300000.0,35.879,323.0,8265.0,7404.0,210.0,352.0,38.0,49.0,64.0,4.521569841269841,1.0,1
505,187.0,-2.535,-0.034511922818121786,70717702.0,20408163.0,662.1277499999999,850.0,24307.0,22126.75,564.5,1292.875,144.375,244.875,282.5,3.4651674430471764,1.0,1
506,91.0,0.04,-0.006455284788673374,15468028.0,9288000.0,187.331,548.0,14038.0,12630.0,337.0,740.0,107.0,92.0,177.0,1.6653776916451335,1.0,0
507,179.0,-2.535,0.014618490285938524,11260298.0,3750000.0,103.833,220.0,7064.0,6350.0,153.0,421.0,45.0,48.0,77.0,3.0027461333333334,1.0,1
508,189.0,-1.47,0.027548650055080844,12003539.0,3500000.0,10.705,445.0,12478.0,11192.0,261.0,609.0,72.0,138.0,136.0,3.4295825714285715,0.0,1
509,105.0,0.48,-0.01814470284943303,62305404.0,12300000.0,140.90200000000002,606.0,17716.0,16123.0,396.0,973.0,86.0,111.0,208.0,5.06548,1.0,0
510,99.0,1.78,0.011443570738132758,95288875.75,20833333.0,662.1277499999999,362.0,9770.0,8381.0,224.0,444.0,44.0,72.0,80.0,4.951084447217352,1.0,0
511,22.0,0.25,0.0237646681934918,16672300.0,3800000.0,31.311,385.0,9930.0,8939.0,251.0,471.0,33.0,64.0,108.0,4.3874473684210535,1.0,0
512,254.375,0.01,-0.03718971511231524,29542563.0,10600644.0,450.351,286.0,8283.0,7213.0,214.0,452.0,48.0,87.0,134.0,2.7868649300929262,1.0,0
513,205.0,0.68,0.06424352039413395,20314531.0,6250000.0,209.38,682.0,16095.0,14562.0,406.0,808.0,75.0,121.0,160.0,3.25032496,1.0,0
514,64.0,0.38,-0.003981063940780011,24160662.0,6765437.0,296.887,348.0,11578.0,9519.0,240.0,532.0,63.0,72.0,135.0,3.5711901537180823,1.0,0
515,154.0,-0.195,0.029658849885792867,64763701.0,8800000.0,22.941,421.0,10870.0,9843.0,257.0,553.0,38.0,64.0,103.0,7.359511477272727,1.0,1
516,254.375,2.225,0.05647474671864434,95288875.75,22329369.875,662.1277499999999,724.0,20228.0,18756.0,482.0,1069.0,119.0,244.875,263.0,4.347637546666666,1.0,0
517,251.0,1.01,-0.01910244342436604,71824668.0,15600000.0,662.1277499999999,571.0,16856.0,15128.0,374.0,792.0,111.0,204.0,145.0,4.604145384615385,1.0,0
518,13.0,2.225,0.015781590442152996,54500000.0,10000000.0,172.05700000000002,636.0,20160.0,17884.0,434.0,737.0,98.0,120.0,142.0,5.45,1.0,0
519,254.375,0.52,-0.05328217125439354,41729568.0,3750000.0,59.266000000000005,683.0,18691.0,16980.0,445.0,1098.0,119.0,179.0,132.0,7.882540768354138,0.0,0
520,25.0,-0.22,0.00627236509183841,13103018.0,4500000.0,35.051,374.0,9410.0,8561.0,212.0,459.0,36.0,77.0,83.0,2.9117817777777777,1.0,1
521,86.0,0.21,-0.008561623058511695,27385274.0,5300000.0,66.293,452.0,12371.0,11373.0,297.0,682.0,37.0,95.0,139.0,5.1670328301886785,1.0,0
522,69.0,0.6,0.02303784218787018,73079499.0,11500000.0,59.551,819.0,24307.0,22126.75,564.5,1288.0,118.0,202.0,282.5,6.3547390434782605,1.0,0
523,134.0,-0.75,0.016234824406075828,33806677.0,11666667.0,111.831,583.0,14189.0,12654.0,325.0,766.0,82.0,242.0,128.0,2.897715088636712,1.0,1
524,254.375,0.14,0.06540829472830442,95288875.75,22329369.875,662.1277499999999,507.0,13509.0,12162.0,321.0,667.0,46.0,153.0,171.0,5.203095766666666,1.0,0
525,254.375,-0.95,0.012283636076088008,14980572.0,5500000.0,25.509,404.0,10334.0,9164.0,242.0,511.0,52.0,89.0,110.0,2.7237403636363635,1.0,1
526,92.0,1.23,0.050890498603735436,23611128.0,5800000.0,83.902,388.0,10213.0,9071.0,243.0,500.0,58.0,68.0,118.0,4.070884137931034,1.0,0
527,123.0,-0.65,-0.07978998452796494,49743807.0,10790000.0,32.57,494.0,16145.0,13928.0,341.0,840.0,53.0,160.0,185.0,4.610176737720112,1.0,1
528,32.0,1.64,0.050359092069129134,17428089.0,1333333.0,67.874,311.0,8318.0,7466.0,211.0,384.0,67.0,60.0,118.0,7.882540768354138,0.0,0
529,78.0,-1.47,0.06156607214404525,33569805.0,10000000.0,30.916999999999998,331.0,7477.0,6703.0,175.0,377.0,50.0,72.0,85.0,3.3569805,1.0,1
530,152.0,-2.535,-0.0042573398548124385,14200476.0,4000000.0,21.636,299.0,8109.0,7303.0,188.0,477.0,70.0,79.0,107.0,3.550119,1.0,1
531,28.0,0.7,-0.001972269214104449,16111332.0,4000000.0,71.26899999999999,392.0,9389.0,8371.0,223.0,479.0,38.0,63.0,110.0,4.027833,1.0,0
532,111.0,-0.71,0.019104791635377056,19112556.0,21294737.0,460.702,461.0,10415.0,9583.0,245.0,577.0,57.0,167.0,102.0,0.8975248672946747,1.0,1
533,141.0,0.1,0.024439700422253696,41255916.0,7900000.0,61.608000000000004,554.0,15549.0,13287.0,316.0,785.0,64.0,128.0,149.0,5.222267848101267,1.0,0
534,72.0,0.45,0.0009722257328841359,43844859.0,11000000.0,73.14699999999999,338.0,7516.0,6900.0,165.0,451.0,26.0,81.0,132.0,3.9858962727272726,1.0,0
535,83.0,-0.62,0.011443570738132758,27789114.0,6000000.0,103.833,321.0,8299.0,7499.0,186.0,455.0,30.0,64.0,110.0,4.631519,1.0,1
536,198.0,0.57,0.03966555078328324,8823529.0,11764705.0,295.596,359.0,11436.0,10074.0,255.0,611.0,60.0,127.0,132.0,0.7500000212500016,1.0,0
537,94.0,-0.24,0.018573387615092914,15014577.0,5700000.0,15.299000000000001,419.0,11106.0,10022.0,256.0,597.0,39.0,93.0,112.0,2.634136315789473,1.0,1
538,195.0,0.19,0.02059574803800171,31853432.0,8000000.0,122.029,357.0,8347.0,7350.0,190.0,417.0,30.0,61.0,123.0,3.981679,1.0,0
539,81.0,1.66,-0.041772564583075635,19605358.0,7200000.0,176.269,393.0,10274.0,9022.0,224.0,434.0,40.0,119.0,74.0,2.722966388888889,1.0,0
540,147.0,0.59,0.012283636076088008,28623229.0,8000000.0,302.541,482.0,12130.0,10602.0,279.0,616.0,35.0,105.0,134.0,3.577903625,1.0,0
541,104.0,0.08,0.026934693199931203,33000000.0,10000000.0,4.553,317.0,9108.0,8412.0,224.0,474.0,29.0,110.0,164.0,3.3,0.0,0
542,107.0,0.52,-0.03722228311578906,24389995.0,7066054.0,54.218,364.0,9001.0,8087.0,209.0,483.0,40.0,49.0,92.0,3.4517136438527074,1.0,0
543,85.0,-2.535,-0.005204730567745611,24677801.0,6000000.0,9.537,257.0,6231.0,5535.0,161.0,454.0,80.0,35.0,79.0,4.112966833333333,1.0,1
544,76.0,0.01,-0.013881475176053431,33817434.0,5000000.0,103.833,364.0,10471.0,9584.0,229.0,624.0,54.0,89.0,125.0,6.7634868,1.0,0
545,254.375,-0.13,0.04333038842412912,95288875.75,22329369.875,60.119,561.0,13689.0,12221.0,309.0,727.0,92.0,88.0,151.0,4.699339735973598,1.0,1
546,69.0,-2.535,-0.0012710755751127554,18026300.0,5000000.0,103.833,159.0,4187.0,3833.0,96.0,231.0,25.0,31.0,40.0,3.60526,1.0,1
547,98.0,-0.04,-0.01738198221030019,92529879.0,13500000.0,66.245,429.0,11731.0,10886.0,267.0,654.0,71.0,91.0,139.0,6.854065111111112,1.0,1
548,84.0,-0.77,0.0656009535043914,59809939.0,7700000.0,10.885,478.0,12045.0,11013.0,293.0,680.0,54.0,119.0,154.0,7.767524545454545,1.0,1
549,182.0,1.2,0.05794376554974497,20332489.0,6000000.0,36.179,609.0,15284.0,13905.0,356.0,766.0,63.0,127.0,168.0,3.388748166666667,0.0,0
550,95.0,-0.04,-0.019044127622350648,65506343.0,11940133.0,152.935,585.0,16213.0,15073.0,375.0,986.0,132.0,114.0,197.0,5.486232272287085,1.0,1
551,95.0,0.07,-0.05049199702518034,16463563.0,5000000.0,25.868000000000002,409.0,10417.0,9371.0,266.0,501.0,70.0,96.0,125.0,3.2927126,1.0,0
552,93.0,0.31,0.021450493087717768,69191228.0,10725000.0,270.915,458.0,14025.0,12623.0,323.0,827.0,101.0,114.0,173.0,6.4513965501165496,1.0,0
553,254.375,-1.97,0.025172540125549817,45398561.0,4750000.0,196.737,693.0,19947.0,18405.0,438.0,1121.0,124.0,197.0,236.0,7.882540768354138,1.0,1
554,150.0,0.66,-0.03990318894493307,32838281.0,4500000.0,120.271,603.0,17315.0,15905.0,383.0,932.0,98.0,129.0,179.0,7.297395777777778,1.0,0
555,106.0,-0.16,0.04741091501124065,95288875.75,22329369.875,662.1277499999999,802.0,22928.0,20753.0,537.0,1279.0,136.0,244.875,282.5,5.4164359810126586,1.0,1
556,72.0,1.08,-0.041772564583075635,50377395.0,10000000.0,71.355,402.0,9651.0,8743.0,226.0,627.0,54.0,73.0,134.0,5.0377395,1.0,0
557,92.0,-0.62,-0.008561623058511695,62417462.0,10534841.0,81.061,569.0,13598.0,12469.0,344.0,742.0,46.0,83.0,166.0,5.924860375206423,1.0,1
558,42.0,-0.14,0.021450493087717768,5589147.0,12500000.0,38.798,411.0,9824.0,8795.0,225.0,357.0,37.0,86.0,93.0,0.44713176,1.0,1
559,30.0,2.225,-0.0266422234473113,41349710.0,12300000.0,288.578,634.0,19104.0,17017.0,426.0,942.0,82.0,191.0,169.0,3.3617650406504067,1.0,0
560,107.0,0.01,0.00912459122415893,10186881.0,2021758.0,103.833,310.0,7195.0,6393.0,172.0,325.0,44.0,65.0,85.0,5.038625295411221,1.0,0
561,97.0,-2.535,-0.055101058143785984,26634030.0,5500000.0,5.015,345.0,8557.0,7810.0,191.0,507.0,56.0,59.0,126.0,4.842550909090909,1.0,1
562,160.0,-1.82,0.02876703122721888,15849162.0,6500000.0,662.1277499999999,663.0,14201.0,12491.0,317.0,680.0,55.0,135.0,119.0,2.438332615384615,1.0,1
563,90.0,-0.41,0.002730527290432577,67667226.0,17620000.0,332.403,680.0,17803.0,15614.0,423.0,891.0,72.0,244.875,162.0,3.840364699205448,1.0,1
564,147.0,-2.535,0.03181611781966237,95288875.75,22329369.875,662.1277499999999,772.0,24307.0,22126.75,564.5,1143.0,138.0,244.875,282.5,1.8201461527967255,1.0,1
565,254.375,0.35,0.013423012273516756,64186348.0,12116279.0,93.135,586.0,16155.0,14633.0,379.0,926.0,91.0,71.0,187.0,5.297529711885968,1.0,0
566,84.0,0.53,0.041253540387578766,18536667.0,5620000.0,76.041,396.0,10731.0,9412.0,256.0,589.0,50.0,80.0,151.0,3.2983393238434164,0.0,0
567,120.0,1.99,0.023098673969340587,70000000.0,11600000.0,662.1277499999999,787.0,22491.0,19984.0,518.0,1111.0,144.375,206.0,197.0,6.0344827586206895,1.0,0
568,196.0,-0.33,-0.010175503695470768,12213713.0,9000000.0,523.149,319.0,8799.0,8006.0,204.0,498.0,45.0,54.0,81.0,1.3570792222222223,1.0,1
569,77.0,-0.34,-0.015926389920412308,57739089.0,10975000.0,103.833,627.0,17554.0,16000.0,387.0,1018.0,112.0,138.0,217.0,5.2609648291571744,1.0,1
570,152.0,-1.5,0.04437081598735093,20969174.0,5750000.0,103.833,411.0,15574.0,13386.0,288.0,784.0,80.0,128.0,231.0,3.646812869565217,1.0,1
571,84.0,-0.2,-0.006315604699400098,21625540.0,10000000.0,662.1277499999999,646.0,20448.0,18028.0,447.0,1207.0,92.0,244.875,136.0,2.162554,1.0,1
572,109.0,2.02,0.0009176316515647273,27694957.0,8160000.0,208.80700000000002,305.0,9213.0,8040.0,211.0,393.0,36.0,49.0,66.0,3.3939898284313728,1.0,0
573,85.0,2.225,0.004334251155495739,44201628.0,10954570.0,374.25300000000004,430.0,14058.0,12853.0,312.0,709.0,70.0,165.0,182.0,4.034994344825948,1.0,0
574,91.0,0.14,-0.039305049874703096,38040518.0,7142858.0,90.262,379.0,11153.0,9913.0,256.0,475.0,56.0,52.0,189.0,5.325671880919375,1.0,0
575,10.0,0.01,0.004669618127058825,16113000.0,11999999.0,103.833,208.0,6750.0,6382.0,144.0,314.0,13.0,49.0,65.0,1.3427501118958427,1.0,0
576,186.0,1.03,0.045414897066108864,47991045.0,13175000.0,662.1277499999999,411.0,14254.0,11989.0,335.0,624.0,106.0,100.0,137.0,3.642584060721063,1.0,0
577,14.0,1.18,0.04437081598735093,47604640.0,9000000.0,226.46200000000002,393.0,10994.0,9609.0,247.0,452.0,55.0,90.0,90.0,5.289404444444443,1.0,0
578,254.375,-2.535,-0.006417682468154485,29254907.0,5333333.0,103.833,278.0,6854.0,6129.0,155.0,369.0,27.0,40.0,84.0,5.485295405330963,1.0,1
579,92.0,0.66,0.02726278674615886,28933407.0,10000000.0,192.713,565.0,15085.0,13670.0,359.0,887.0,66.0,167.0,236.0,2.8933407000000004,1.0,0
580,92.0,-0.37,0.012849097356874246,22370450.0,6000000.0,40.655,408.0,9634.0,8550.0,218.0,522.0,43.0,109.0,106.0,3.728408333333333,1.0,1
581,117.0,-2.535,0.022575265341070738,42608986.0,6150000.0,3.605,282.0,7794.0,7032.0,180.0,500.0,88.0,48.0,100.0,6.928290406504066,1.0,1
582,87.0,0.34,0.04070516148742976,3875000.0,1875000.0,46.928000000000004,301.0,7510.0,6555.0,181.0,292.0,22.0,41.0,55.0,2.066666666666667,0.0,0
583,111.0,0.6,0.01385841620746863,12228854.0,6000000.0,228.47,342.0,8814.0,8118.0,207.0,443.0,65.0,46.0,86.0,2.038142333333333,0.0,0
584,254.375,-0.47,-0.024693936868313008,21828330.0,6700000.0,58.65,534.0,13704.0,12470.0,333.0,783.0,45.0,120.0,153.0,3.257959701492537,1.0,1
585,17.0,0.19,0.019104791635377056,28700000.0,8700000.0,313.892,503.0,14152.0,12886.0,318.0,813.0,52.0,134.0,127.0,3.2988505747126435,1.0,0
586,71.0,0.91,0.017323822774832926,62401000.0,13300000.0,662.1277499999999,643.0,17481.0,15759.0,413.0,943.0,85.0,244.875,192.0,4.691804511278195,1.0,0
587,195.0,0.72,-0.03718971511231524,41083150.0,7000000.0,110.88,465.0,13005.0,11867.0,318.0,634.0,60.0,111.0,151.0,5.869021428571428,1.0,0
588,38.0,-1.54,0.008571350983851266,21378095.0,8000000.0,2.475,484.0,12567.0,11128.0,277.0,556.0,43.0,106.0,142.0,2.672261875,1.0,1
589,10.0,1.61,0.048222318623155534,12500000.0,10000000.0,153.093,339.0,7757.0,7267.0,182.0,420.0,23.0,54.0,116.0,1.25,1.0,0
590,225.0,-2.535,0.02105232914807478,18717866.0,6250000.0,662.1277499999999,677.0,22890.0,18935.0,444.0,1160.0,144.375,244.875,219.0,2.99485856,1.0,1
591,138.0,0.33,0.00627236509183841,33848902.0,10000000.0,70.044,429.0,14287.0,12335.0,299.0,814.0,77.0,130.0,170.0,3.3848902,1.0,0
592,138.0,-1.12,0.03482706322965752,16905203.0,4000000.0,0.349,356.0,9343.0,8599.0,210.0,547.0,66.0,94.0,145.0,4.22630075,1.0,1
593,187.0,-2.535,-0.03596236702468871,23555753.0,5500000.0,103.833,178.0,3961.0,3502.0,96.0,256.0,17.0,22.0,47.0,4.282864181818182,1.0,1
594,147.0,-2.535,0.00807576450903087,19308239.0,6550000.0,43.293,587.0,15367.0,13726.0,373.0,706.0,56.0,117.0,136.0,2.9478227480916037,1.0,1
595,85.0,-2.535,0.004420872602526357,19104838.0,5000000.0,1.18,390.0,10426.0,9541.0,233.0,735.0,103.0,79.0,107.0,3.8209676,1.0,1
596,34.0,-0.23,0.037266088567751016,26376654.0,6000000.0,38.518,652.0,22758.0,19531.0,510.0,1049.0,118.0,184.0,195.0,4.396109,1.0,1
597,107.0,0.01,0.00912459122415893,27400178.0,7398703.5,103.833,494.0,12004.0,10226.0,277.0,560.0,46.0,100.0,91.0,3.70337559817068,1.0,0
598,254.375,-2.535,-0.008112629417392084,31759500.0,11000000.0,662.1277499999999,682.0,20300.0,17451.0,466.0,1225.0,144.375,244.875,282.5,2.8872272727272725,1.0,1
599,81.0,0.01,-0.023438007501532743,95288875.75,22329369.875,103.833,646.0,19521.0,17558.0,437.0,1154.0,114.0,244.875,282.5,4.097876740139824,1.0,0
600,169.0,-2.535,0.06214926000539073,40369431.0,17480000.0,662.1277499999999,610.0,16153.0,14867.0,394.0,1035.0,95.0,244.875,159.0,2.3094640160183064,1.0,1
601,141.0,0.63,-0.02258578146813989,17656936.0,6800000.0,113.459,345.0,8219.0,7275.0,199.0,491.0,27.0,101.0,78.0,2.5966082352941178,1.0,0
602,151.0,-0.6,0.021872586777605996,93109393.0,13300000.0,111.943,778.0,24307.0,22126.75,564.5,1292.875,89.0,224.0,231.0,7.000706240601504,1.0,1
603,85.0,-0.5,0.018332855309276058,18776481.0,5500000.0,5.812,285.0,7555.0,6815.0,187.0,410.0,51.0,50.0,97.0,3.413905636363636,1.0,1
604,70.0,-0.94,0.047948878019069364,37833423.0,7500000.0,28.27,331.0,6939.0,6289.0,154.0,376.0,17.0,92.0,76.0,5.0444564000000005,1.0,1
605,97.0,-2.535,0.03158121781594317,26670486.0,6000000.0,103.833,433.0,12126.0,11150.0,284.0,619.0,82.0,89.0,173.0,4.445081,1.0,1
606,254.375,-0.96,0.02195918943867311,23554592.0,10000000.0,5.016,275.0,9836.0,8986.0,206.0,570.0,74.0,76.0,137.0,2.3554592,1.0,1
607,99.0,0.18,-0.003979156274465649,39058534.0,7700000.0,79.012,587.0,13234.0,12127.0,328.0,695.0,52.0,71.0,164.0,5.072536883116883,1.0,0
608,37.0,-0.76,0.021853525494264763,19867967.0,10714286.0,7.6,350.0,12931.0,11730.0,277.0,666.0,50.0,100.0,172.0,1.8543435372175057,1.0,1
609,86.0,0.28,0.023529934659502042,48748297.0,11743420.0,156.102,548.0,13209.0,12113.0,317.0,667.0,74.0,105.0,145.0,4.15111585892355,1.0,0
610,128.0,0.24,-0.01738198221030019,67866667.0,18779865.0,329.968,370.0,11023.0,9681.0,245.0,516.0,83.0,103.0,137.0,3.613799513468281,1.0,0
611,161.0,0.27,-0.030847773150327787,19945294.0,5500000.0,36.051,506.0,14196.0,12812.0,336.0,738.0,53.0,183.0,154.0,3.6264170909090914,1.0,0
612,151.0,0.47,0.022575265341070738,33155557.0,9108408.0,286.453,364.0,7662.0,6807.0,176.0,410.0,38.0,66.0,76.0,3.640104505639185,1.0,0
613,180.0,0.21,-0.002117746190072883,34058713.0,11000000.0,86.204,630.0,17765.0,15930.0,437.0,923.0,97.0,118.0,212.0,3.0962466363636363,1.0,0
614,107.0,0.01,0.00912459122415893,27400178.0,7398703.5,103.833,146.0,3600.0,3189.0,88.0,181.0,5.0,26.0,38.0,3.70337559817068,1.0,0
615,107.0,2.225,0.00912459122415893,23708845.0,13500000.0,8.538,299.0,8480.0,7904.0,198.0,550.0,101.0,46.0,127.0,1.7562107407407408,1.0,0
616,88.0,0.01,0.00912459122415893,15322500.0,5300000.0,103.833,487.0,11489.0,10017.0,267.0,493.0,48.0,130.0,104.0,2.8910377358490567,0.0,0
617,230.0,0.91,0.04029468537115145,50373244.0,22329369.875,662.1277499999999,290.0,7464.0,6678.0,183.0,435.0,44.0,82.0,58.0,1.8359268883826882,1.0,0
618,119.0,-0.06,0.0481710650586668,89740183.0,7038230.0,136.952,438.0,15100.0,12886.0,311.0,829.0,78.0,169.0,137.0,7.882540768354138,1.0,1
619,254.375,0.24,0.033593111500030436,18428487.0,4800000.0,48.715,595.0,15895.0,14650.0,388.0,1005.0,99.0,93.0,170.0,3.839268125,1.0,0
620,101.0,0.38,-0.0001705933378575414,5000000.0,3000000.0,81.275,304.0,6904.0,6234.0,147.0,287.0,29.0,61.0,66.0,1.6666666666666667,0.0,0
621,134.0,-0.38,-0.006315604699400098,66234433.0,10000000.0,16.415,579.0,14467.0,12702.0,343.0,541.0,33.0,65.0,120.0,6.623443300000001,1.0,1
622,131.0,-0.317,-0.03834154622795221,95288875.75,22329369.875,662.1277499999999,639.0,18312.0,16830.0,424.0,1044.0,93.0,154.0,171.0,2.353984578817734,1.0,1
623,165.0,-2.0,0.03128352766228791,4500000.0,2500000.0,103.833,299.0,5940.0,5294.0,146.0,306.0,28.0,37.0,71.0,1.8,0.0,1
624,254.375,0.01,0.006385606555695641,70833333.0,22329369.875,103.833,714.0,17324.0,15706.0,401.0,903.0,91.0,167.0,168.0,2.411347506382979,1.0,0
625,240.0,-0.74,0.0645993451786608,21740372.0,5850000.0,79.503,536.0,13813.0,12532.0,336.0,737.0,58.0,81.0,144.0,3.7163029059829062,1.0,1
626,105.0,-2.1,-0.0570900170463028,95288875.75,22329369.875,269.19599999999997,623.0,14919.0,13526.0,346.0,666.0,61.0,134.0,129.0,4.9834368,1.0,1
627,254.375,-1.2,-0.058586673958785924,36072518.0,7500000.0,38.274,457.0,12063.0,11066.0,281.0,638.0,56.0,183.0,160.0,4.809669066666666,1.0,1
628,254.375,0.0,0.08509670457922383,27488352.0,11000000.0,143.602,380.0,9286.0,8021.0,226.0,458.0,54.0,45.0,118.0,2.498941090909091,0.0,0
629,62.0,1.28,-0.0015664159468040519,23358205.0,4687500.0,113.175,382.0,11310.0,9586.0,253.0,485.0,60.0,108.0,140.0,4.983083733333333,0.0,0
630,254.375,-0.13,-0.008879211573041624,14696482.0,3750000.0,26.831999999999997,349.0,7897.0,7148.0,177.0,445.0,33.0,64.0,97.0,3.9190618666666666,1.0,1
631,163.0,-0.69,0.05136850597275852,53137097.0,22329369.875,662.1277499999999,630.0,19615.0,17950.0,434.0,925.0,67.0,244.875,192.0,1.932258072727273,1.0,1
632,104.0,-2.535,0.004420872602526357,21643577.0,5750000.0,103.833,391.0,10650.0,9713.0,237.0,734.0,58.0,105.0,230.0,3.764100347826087,1.0,1
633,133.0,0.28,0.03113477157157728,95288875.75,22329369.875,662.1277499999999,547.0,16098.0,14554.0,390.0,951.0,65.0,77.0,155.0,7.255481300149598,1.0,0
634,89.0,-0.25,0.018065909915302072,14333792.0,5375995.0,21.838,302.0,7071.0,6320.0,160.0,365.0,35.0,82.0,84.0,2.66625843216,1.0,1
635,175.0,-0.28,0.03242003639534456,14778788.0,5000000.0,20.393,304.0,8737.0,7383.0,205.0,482.0,14.0,58.0,69.0,2.9557576,1.0,1
636,83.0,-0.46,-0.03722228311578906,31907477.0,6800000.0,91.9,441.0,12516.0,10568.0,274.0,627.0,53.0,112.0,126.0,4.692276029411765,1.0,1
637,119.0,0.03,-0.01603109253067675,39699235.0,10015930.0,58.784,375.0,10158.0,9292.0,234.0,460.0,53.0,97.0,89.0,3.9636094701141076,1.0,0
638,254.375,0.49,0.042603241797504535,42692500.0,12500000.0,137.953,613.0,15678.0,13906.0,372.0,774.0,69.0,164.0,156.0,3.4154,1.0,0
639,112.0,0.58,0.03611721593918047,40506670.0,11000000.0,238.577,422.0,11548.0,10166.0,284.0,590.0,103.0,95.0,92.0,3.6824245454545457,1.0,0
640,254.375,-0.03,-0.04017284790046339,16399442.0,4000000.0,54.099,490.0,14777.0,13382.0,339.0,787.0,31.0,124.0,155.0,4.0998605,1.0,1
641,167.0,-1.04,0.030687040535111287,40105197.0,9000000.0,99.646,489.0,12830.0,10655.0,279.0,564.0,29.0,77.0,105.0,4.456133,1.0,1
642,96.0,-2.03,-0.03722310781681927,58500000.0,8500000.0,456.0,641.0,16840.0,15571.0,403.0,925.0,137.0,226.0,197.0,6.882352941176472,1.0,1
643,254.375,0.87,-0.005484143030464203,95288875.75,22329369.875,662.1277499999999,548.0,17874.0,14587.0,398.0,784.0,97.0,164.0,211.0,2.1121384164222867,1.0,0
644,119.0,0.09,-0.0464621559185416,22826867.0,4400000.0,76.935,480.0,13810.0,12408.0,343.0,639.0,125.0,103.0,145.0,5.187924318181818,1.0,0
645,76.0,0.0,-0.039106128338985184,74737428.0,18250000.0,236.359,397.0,10947.0,9388.0,244.0,398.0,26.0,74.0,92.0,4.095201534246575,1.0,0
646,97.0,0.32,0.004504027822692407,26572276.0,9096077.0,601.54,467.0,14205.0,12220.0,359.0,550.0,73.0,64.0,127.0,2.9212896944473976,1.0,0
647,85.0,-0.73,0.04911404424604787,20234116.0,5500000.0,103.833,279.0,8844.0,8126.0,185.0,491.0,48.0,70.0,111.0,3.6789301818181817,1.0,1
648,150.0,0.01,0.04374655058360598,6746365.0,2900000.0,103.833,235.0,7412.0,6551.0,156.0,353.0,33.0,77.0,67.0,2.3263327586206897,0.0,0
649,254.375,1.28,-0.025334566119682482,25733567.0,6500000.0,135.637,677.0,20084.0,18632.0,474.0,1026.0,132.0,160.0,234.0,3.959010307692308,0.0,0
650,111.0,0.68,-0.039305049874703096,85569794.0,21000000.0,656.0360000000001,495.0,15163.0,13330.0,374.0,680.0,56.0,142.0,224.0,4.074752095238095,1.0,0
651,140.0,0.27,-0.024693936868313008,55000000.0,6900000.0,662.1277499999999,432.0,12385.0,10793.0,285.0,778.0,54.0,81.0,131.0,7.882540768354138,1.0,0
652,106.0,0.63,0.003351094196087698,14588263.0,9000000.0,64.226,437.0,9195.0,8229.0,205.0,418.0,55.0,127.0,89.0,1.6209181111111108,0.0,0
653,139.0,0.66,0.029468739440639005,37069090.0,7333333.0,662.1277499999999,458.0,11185.0,10037.0,263.0,629.0,47.0,104.0,163.0,5.054876138858006,1.0,0
654,104.0,-2.535,0.029658849885792867,95288875.75,22329369.875,515.253,717.0,20307.0,18243.0,497.0,1054.0,91.0,199.0,226.0,3.548984079320113,1.0,1
655,43.0,0.01,-0.041430293245650736,95288875.75,22329369.875,103.833,461.0,13520.0,12211.0,315.0,722.0,57.0,70.0,129.0,7.045715648351647,1.0,0
656,110.0,0.49,0.03804660758078124,32528097.0,5770000.0,80.42,436.0,10510.0,9657.0,241.0,592.0,37.0,83.0,128.0,5.6374518197573655,1.0,0
657,104.0,-0.21,0.03663190600808365,6712640.0,2900000.0,67.263,321.0,8103.0,7157.0,208.0,378.0,17.0,61.0,77.0,2.314703448275862,0.0,1
658,79.0,0.3,-0.0337595787660565,63269983.0,11764706.0,662.1277499999999,441.0,9598.0,8471.0,216.0,486.0,67.0,112.0,103.0,5.377948501220515,1.0,0
659,118.0,2.225,-0.013856032240963977,18738000.0,15000000.0,119.525,374.0,8304.0,7446.0,196.0,391.0,76.0,97.0,98.0,1.2492,1.0,0
660,144.0,-0.55,0.001377968740743084,38719052.0,15325837.0,494.55199999999996,323.0,9338.0,8311.0,227.0,446.0,33.0,100.0,141.0,2.5263906956598845,1.0,1
661,61.0,-2.535,0.029725979743118205,95288875.75,22329369.875,662.1277499999999,766.0,23452.0,21333.0,553.0,1270.0,117.0,244.875,239.0,4.553690582822086,1.0,1
662,114.0,2.225,0.020487849089615828,66443000.0,22329369.875,662.1277499999999,515.0,11305.0,10063.0,288.0,559.0,47.0,83.0,108.0,2.9530222222222213,1.0,0
663,125.0,-0.16,0.04356371060724448,28162308.0,14000000.0,47.824,575.0,12489.0,11035.0,273.0,586.0,99.0,91.0,90.0,2.0115934285714285,1.0,1
664,124.0,-0.86,0.0016546774633007116,15555482.0,5000000.0,16.36,263.0,6650.0,6002.0,165.0,390.0,32.0,66.0,75.0,3.1110964,0.0,1
665,254.375,2.225,0.016999659979245296,83422374.0,21275000.0,662.1277499999999,492.0,14145.0,12390.0,321.0,731.0,69.0,152.0,164.0,3.9211456639247935,1.0,0
666,254.375,2.225,-0.023595744160222185,65969224.0,12655263.0,508.715,501.0,11427.0,10287.0,257.0,631.0,67.0,114.0,141.0,5.212789651230481,1.0,0
667,158.0,-2.535,-0.029881385961391737,14772206.0,4200000.0,0.17,210.0,5099.0,4561.0,125.0,322.0,18.0,44.0,67.0,3.517191904761905,0.0,1
668,105.0,-2.535,-0.05049199702518034,14677278.0,4200000.0,20.063,440.0,9494.0,8691.0,232.0,514.0,32.0,134.0,121.0,3.49459,1.0,1
669,81.0,-1.41,0.05775552145276526,20554430.0,7500000.0,133.704,285.0,7834.0,6955.0,182.0,395.0,16.0,46.0,92.0,2.740590666666667,1.0,1
670,254.375,-2.535,0.017672623899386463,43811247.0,13399233.0,586.794,529.0,13230.0,11986.0,312.0,751.0,114.0,178.0,173.0,3.269683197538247,1.0,1
671,178.0,-1.6,0.0008438072287778673,22796308.0,4700000.0,103.833,275.0,6542.0,6008.0,146.0,357.0,41.0,67.0,111.0,4.85027829787234,1.0,1
672,75.0,0.01,0.08428790586524311,11733348.0,2306000.0,103.833,554.0,13739.0,12268.0,325.0,843.0,65.0,139.0,174.0,5.088182133564613,0.0,0
673,93.0,-0.53,0.031992262073828194,9528313.0,3462000.0,30.467,409.0,13328.0,11038.0,276.0,705.0,89.0,87.0,171.0,2.7522567879838244,1.0,1
674,234.0,-0.6,0.028250705190356187,8592839.0,3333333.0,540.399,335.0,9278.0,8067.0,223.0,394.0,38.0,60.0,59.0,2.5778519577851955,0.0,1
675,107.0,0.01,0.00912459122415893,33563802.0,14000000.0,103.833,518.0,16898.0,15522.0,370.0,790.0,71.0,146.0,190.0,2.3974144285714285,1.0,0
676,119.0,2.225,-0.04515484849669108,34043671.0,4867000.0,496.413,434.0,10250.0,9087.0,245.0,489.0,57.0,84.0,112.0,6.9947957674131915,1.0,0
677,254.375,-0.37,0.004669618127058825,38386565.0,9684109.0,186.101,537.0,13359.0,12303.0,329.0,676.0,87.0,106.0,173.0,3.963871637545592,1.0,1
678,98.0,-0.41,0.05868888302078565,32758082.0,7000000.0,25.461,496.0,13810.0,12515.0,321.0,784.0,70.0,126.0,173.0,4.6797260000000005,1.0,1
679,112.0,0.6,0.03042530876540168,11479826.0,3125000.0,55.431000000000004,335.0,9067.0,8066.0,217.0,435.0,38.0,82.0,90.0,3.67354432,0.0,0
680,78.0,0.2,0.03228429921272611,13180261.0,3125000.0,117.85700000000001,256.0,7087.0,6445.0,182.0,306.0,48.0,38.0,100.0,4.21768352,1.0,0
681,254.375,0.76,0.024687352731627338,90734200.0,22329369.875,662.1277499999999,413.0,11660.0,10544.0,277.0,636.0,94.0,103.0,158.0,3.2405071428571435,1.0,0
